question_1,question_2,cosine_similarity
毛布は洗えますか？,おしゃれ着コースはありますか？,0.8242693467945701
「水が出ない」エラーが出ます,「排水できない」エラーが出ます,0.8178025274300873
運転終了時にアラームを鳴らさないようにできますか？,設定の初期化はできますか？,0.8035022932551839
ドアが開かないのですが,ドラムが動きません,0.7925630185619608
毛布は洗えますか？,予約機能の使い方をおしえて？,0.7888487077902379
本体がぐらつきます。どうしたら良いですか？,水漏れしています。どうしたらよいですか？,0.7886625062187997
異音がします。どうしたらよいですか？,水漏れしています。どうしたらよいですか？,0.7847401867929756
毛布は洗えますか？,羽毛布団は洗えますか？,0.7844700478513831
異音がします。どうしたらよいですか？,本体がぐらつきます。どうしたら良いですか？,0.7824653316772701
洗濯だけする方法を教えて？,予約機能の使い方をおしえて？,0.7800723727397768
異音がします。どうしたらよいですか？,洗濯物に白い粉が残っています。　どうしたらよいですか？,0.7766627210053183
洗濯だけする方法を教えて？,毛布は洗えますか？,0.7738940185278593
ふんわりキープとは何ですか？,靴は洗えますか？,0.7726114885663461
乾燥だけで使用出来ますか？,洗濯だけする方法を教えて？,0.7721514354271364
洗濯だけする方法を教えて？,ふんわりキープとは何ですか？,0.7718002051702156
スチーム機能の使い方を教えて？,ふんわりキープとは何ですか？,0.7623484778796006
羽毛布団は洗えますか？,コースが表示されないのですが,0.7621097651883508
手動で個別に設定する事は可能ですか？,脱水時間の変更は可能ですか？,0.7568332742868258
おしゃれ着コースはありますか？,予約機能の使い方をおしえて？,0.754668721379057
乾燥だけで使用出来ますか？,予約機能の使い方をおしえて？,0.7537358582932734
ドアが開かないのですが,一時停止中にドアは開きますか？,0.7535853107533735
洗濯だけする方法を教えて？,おしゃれ着コースはありますか？,0.7504399236795425
洗剤を手動で投入できますか？,運転終了時にアラームを鳴らさないようにできますか？,0.7488823344136207
洗濯だけする方法を教えて？,ナノイーXとは何ですか？,0.7456600496837272
自動投入機能の使い方を教えて？,靴は洗えますか？,0.7368481061744508
洗濯をスタートする方法を教えて？,洗濯の途中で一時停止できますか？,0.7366601609557298
おしゃれ着コースはありますか？,靴は洗えますか？,0.7326444407893118
ナノイーXとは何ですか？,おしゃれ着コースはありますか？,0.7315744743430863
洗濯物に白い粉が残っています。　どうしたらよいですか？,本体がぐらつきます。どうしたら良いですか？,0.7300146871169505
洗濯物に白い粉が残っています。　どうしたらよいですか？,水漏れしています。どうしたらよいですか？,0.7296930187296504
羽毛布団は洗えますか？,靴は洗えますか？,0.7283896372035494
おすすめのコースを教えて？,靴は洗えますか？,0.7278154250947548
自動投入機能の使い方を教えて？,予約機能の使い方をおしえて？,0.72465707333245
乾燥だけで使用出来ますか？,洗剤の種類によって設定は変わりますか？,0.7194502909538085
毛布は洗えますか？,コースが表示されないのですが,0.7174933228312692
ナノイーXとは何ですか？,毛布は洗えますか？,0.7168492530255495
乾燥だけで使用出来ますか？,外出先から洗濯を開始できますか？,0.7163660071985696
おしゃれ着コースはありますか？,お急ぎコースはありますか？,0.7159971549685333
ふんわりキープとは何ですか？,毛布は洗えますか？,0.7135858747285644
洗剤の種類によって設定は変わりますか？,予約機能の使い方をおしえて？,0.7117861745766283
洗濯をスタートする方法を教えて？,洗濯だけする方法を教えて？,0.705696610476209
「排水できない」エラーが出ます,水漏れしています。どうしたらよいですか？,0.7053230381285419
毛布は洗えますか？,靴は洗えますか？,0.7049576220725662
洗濯をスタートする方法を教えて？,スチーム機能の使い方を教えて？,0.7045520297946148
洗濯だけする方法を教えて？,靴は洗えますか？,0.7034846861882539
一時停止中にドアは開きますか？,洗濯物に白い粉が残っています。　どうしたらよいですか？,0.703099961520693
洗剤の種類によって設定は変わりますか？,コースが表示されないのですが,0.7009493644230107
洗濯ネットは必要ですか？,ドラムが動きません,0.7008706838380737
すすぎの設定を変更することは可能ですか？,洗剤の種類によって設定は変わりますか？,0.6997115765011503
お急ぎコースはありますか？,洗濯時間は何分ですか？,0.6995240082265659
一時停止中にドアは開きますか？,本体がぐらつきます。どうしたら良いですか？,0.6989858126913593
おすすめのコースを教えて？,脱水時間の変更は可能ですか？,0.6985324330663212
乾燥だけで使用出来ますか？,ふんわりキープとは何ですか？,0.6961758659459647
洗濯だけする方法を教えて？,洗剤の種類によって設定は変わりますか？,0.6961207937949542
ドアが開かないのですが,洗濯ネットは必要ですか？,0.695976507016582
すすぎの設定を変更することは可能ですか？,脱水時間の変更は可能ですか？,0.6942642177738467
ナノイーXとは何ですか？,予約機能の使い方をおしえて？,0.692624978823069
洗濯だけする方法を教えて？,スチーム機能の使い方を教えて？,0.6921375144672767
靴は洗えますか？,コースが表示されないのですが,0.6920626689340279
洗濯物が絡まります。どうしたらよいですか？,水漏れしています。どうしたらよいですか？,0.6920411735345198
乾燥だけで使用出来ますか？,毛布は洗えますか？,0.690680829598145
洗濯だけする方法を教えて？,羽毛布団は洗えますか？,0.6891391982677152
毛布は洗えますか？,洗剤の種類によって設定は変わりますか？,0.6889746820731804
乾燥だけで使用出来ますか？,2度洗いは出来ますか？,0.6886951627370894
洗剤を手動で投入できますか？,設定の初期化はできますか？,0.6881017189094548
「水が出ない」エラーが出ます,水漏れしています。どうしたらよいですか？,0.6868428683386514
ふんわりキープとは何ですか？,羽毛布団は洗えますか？,0.6867507964205535
洗濯だけする方法を教えて？,自動投入機能の使い方を教えて？,0.6860546817537406
外出先から洗濯を開始できますか？,コースが表示されないのですが,0.6856305508189275
ふんわりキープとは何ですか？,おしゃれ着コースはありますか？,0.6835813532191651
洗濯物が絡まります。どうしたらよいですか？,異音がします。どうしたらよいですか？,0.6830718635323005
ふんわりキープとは何ですか？,予約機能の使い方をおしえて？,0.6823568553462895
おしゃれ着コースはありますか？,コースが表示されないのですが,0.6803778485836094
一時停止中にドアは開きますか？,水漏れしています。どうしたらよいですか？,0.6800219182406266
ジェット乾燥とは何ですか？,ふんわりキープとは何ですか？,0.678965098408621
手動で個別に設定する事は可能ですか？,洗剤の種類によって設定は変わりますか？,0.6788811905354168
乾燥だけで使用出来ますか？,洗濯ネットは必要ですか？,0.6786421623068009
チャイルドロックの設定をしたい,予約機能の使い方をおしえて？,0.6784760612389908
本体がぐらつきます。どうしたら良いですか？,「水が出ない」エラーが出ます,0.678078667927838
おすすめのコースを教えて？,ふんわりキープとは何ですか？,0.6780246672567654
ふんわりキープとは何ですか？,ドアが開かないのですが,0.6773663101001333
自動投入機能の使い方を教えて？,洗剤の種類によって設定は変わりますか？,0.6767331444850075
洗濯をスタートする方法を教えて？,お急ぎコースはありますか？,0.6751144515928265
洗濯だけする方法を教えて？,コースが表示されないのですが,0.6748245735290618
乾燥だけで使用出来ますか？,洗濯時間は何分ですか？,0.6748148548389498
コースが表示されないのですが,予約機能の使い方をおしえて？,0.6745284176090973
乾燥だけで使用出来ますか？,羽毛布団は洗えますか？,0.6735794489761884
一時停止中にドアは開きますか？,異音がします。どうしたらよいですか？,0.6729644173779907
乾燥だけで使用出来ますか？,お急ぎコースはありますか？,0.6724209795865264
一時停止中にドアは開きますか？,洗濯ネットは必要ですか？,0.6706388941316153
乾燥だけで使用出来ますか？,ナノイーXとは何ですか？,0.670393873543734
洗濯だけする方法を教えて？,深夜に運転しても大丈夫？,0.6700445735181861
乾燥だけで使用出来ますか？,コースが表示されないのですが,0.6689256262098753
脱水時間の変更は可能ですか？,水漏れしています。どうしたらよいですか？,0.6687806094824704
ふんわりキープとは何ですか？,ドラムが動きません,0.6674840809137994
ふんわりキープとは何ですか？,お急ぎコースはありますか？,0.6665772114259723
洗濯をスタートする方法を教えて？,ふんわりキープとは何ですか？,0.665860699315769
ドアが開かないのですが,ドアが完全に閉まりません,0.6655665603025475
羽毛布団は洗えますか？,洗剤の種類によって設定は変わりますか？,0.6654065740895272
チャイルドロックの設定をしたい,「洗い」だけ行いたいのですが,0.6651075118731551
洗濯物に白い粉が残っています。　どうしたらよいですか？,「水が出ない」エラーが出ます,0.6649644512820356
一時停止中にドアは開きますか？,ドラムが動きません,0.664949663613037
ふんわりキープとは何ですか？,コースが表示されないのですが,0.6648956919644675
洗濯だけする方法を教えて？,すすぎの設定を変更することは可能ですか？,0.6647873005388575
ふんわりキープとは何ですか？,洗剤の種類によって設定は変わりますか？,0.6644305445613512
「洗い」だけ行いたいのですが,すすぎの設定を変更することは可能ですか？,0.663638781286884
外出先から洗濯を開始できますか？,予約機能の使い方をおしえて？,0.6633979890965402
おしゃれ着コースはありますか？,洗濯時間は何分ですか？,0.6629428635854069
ふんわりキープとは何ですか？,運転終了時にアラームを鳴らさないようにできますか？,0.6617690687899302
ナノイーXとは何ですか？,ふんわりキープとは何ですか？,0.661253474530004
自動投入機能の使い方を教えて？,毛布は洗えますか？,0.6610902433993958
乾燥だけで使用出来ますか？,すすぎの設定を変更することは可能ですか？,0.6610802886047186
手動で個別に設定する事は可能ですか？,洗濯時間は何分ですか？,0.6606708790247302
本体がぐらつきます。どうしたら良いですか？,「排水できない」エラーが出ます,0.6598525038792151
手動で個別に設定する事は可能ですか？,すすぎの設定を変更することは可能ですか？,0.6591212736176287
脱水時間の変更は可能ですか？,「排水できない」エラーが出ます,0.6581740777409733
乾燥だけで使用出来ますか？,自動投入機能の使い方を教えて？,0.6581193267888799
コースが表示されないのですが,ドラムが動きません,0.6576646407481856
お急ぎコースはありますか？,コースが表示されないのですが,0.6574625935475518
脱水時間の変更は可能ですか？,洗濯物に白い粉が残っています。　どうしたらよいですか？,0.6574141608793618
靴は洗えますか？,本体がぐらつきます。どうしたら良いですか？,0.6568725736497811
自動投入機能の使い方を教えて？,コースが表示されないのですが,0.6558410385365303
羽毛布団は洗えますか？,おしゃれ着コースはありますか？,0.6547892718613758
洗濯物に白い粉が残っています。　どうしたらよいですか？,「排水できない」エラーが出ます,0.654664000746582
乾燥だけで使用出来ますか？,深夜に運転しても大丈夫？,0.6544116974823634
ジェット乾燥とは何ですか？,ドラムが動きません,0.6541466074873924
乾燥だけで使用出来ますか？,おしゃれ着コースはありますか？,0.6536750016816172
ドアが開かないのですが,コースが表示されないのですが,0.6533356278512124
2度洗いは出来ますか？,「洗い」だけ行いたいのですが,0.6530844691888456
ドアが開かないのですが,羽毛布団は洗えますか？,0.6525083305972502
外出先から洗濯を開始できますか？,お急ぎコースはありますか？,0.6519440385083324
乾燥だけで使用出来ますか？,ドアが開かないのですが,0.6519323489115576
乾燥だけで使用出来ますか？,靴は洗えますか？,0.6512016824639941
ジェット乾燥とは何ですか？,予約機能の使い方をおしえて？,0.6501127780663848
洗濯だけする方法を教えて？,ジェット乾燥とは何ですか？,0.649972008598878
自動投入機能の使い方を教えて？,ふんわりキープとは何ですか？,0.6493754885669138
手動で個別に設定する事は可能ですか？,乾燥だけで使用出来ますか？,0.6492095224121407
乾燥だけで使用出来ますか？,チャイルドロックの設定をしたい,0.6489827568428894
異音がします。どうしたらよいですか？,「水が出ない」エラーが出ます,0.6484919711173625
靴は洗えますか？,最大容量は？,0.6476834804017093
ジェット乾燥とは何ですか？,洗濯ネットは必要ですか？,0.6471406034043883
ドアが開かないのですが,靴は洗えますか？,0.6464356217630443
靴は洗えますか？,水漏れしています。どうしたらよいですか？,0.6458375371283591
外出先から洗濯を開始できますか？,毛布は洗えますか？,0.6455058639165608
すすぎの設定を変更することは可能ですか？,予約機能の使い方をおしえて？,0.6451387498540306
自動投入機能の使い方を教えて？,洗濯ネットは必要ですか？,0.6451008022686548
ふんわりキープとは何ですか？,外出先から洗濯を開始できますか？,0.6449583718231333
乾燥だけで使用出来ますか？,ジェット乾燥とは何ですか？,0.6448062493980737
靴は洗えますか？,予約機能の使い方をおしえて？,0.6441347819038635
深夜に運転しても大丈夫？,予約機能の使い方をおしえて？,0.64399907478163
乾燥だけで使用出来ますか？,一時停止中にドアは開きますか？,0.6439227810649835
スチーム機能の使い方を教えて？,お急ぎコースはありますか？,0.643417382834325
洗剤の種類によって設定は変わりますか？,おすすめの洗剤・柔軟剤はありますか？,0.6430296217936304
ドアが完全に閉まりません,ドラムが動きません,0.6408604615708654
おすすめのコースを教えて？,「排水できない」エラーが出ます,0.6405086507508437
一時停止中にドアは開きますか？,「水が出ない」エラーが出ます,0.6385675300148701
スチーム機能の使い方を教えて？,ドラムが動きません,0.6377890846156771
脱水時間の変更は可能ですか？,一時停止中にドアは開きますか？,0.6374049280391507
異音がします。どうしたらよいですか？,おしゃれ着コースはありますか？,0.6361554849528537
外出先から洗濯を開始できますか？,おすすめの洗剤・柔軟剤はありますか？,0.6352615443811275
洗剤の種類によって設定は変わりますか？,靴は洗えますか？,0.6351902563535647
ふんわりキープとは何ですか？,洗濯ネットは必要ですか？,0.6349861749898777
異音がします。どうしたらよいですか？,「排水できない」エラーが出ます,0.6349398438547621
ジェット乾燥とは何ですか？,ドアが開かないのですが,0.6345201134026713
洗濯だけする方法を教えて？,外出先から洗濯を開始できますか？,0.6335490941913438
ドアが開かないのですが,洗濯時間は何分ですか？,0.6325083952342587
脱水時間の変更は可能ですか？,洗濯時間は何分ですか？,0.6324492552369001
羽毛布団は洗えますか？,予約機能の使い方をおしえて？,0.6322327812717903
靴は洗えますか？,ドラムが動きません,0.6317321193622132
コースが表示されないのですが,水漏れしています。どうしたらよいですか？,0.631590874253309
脱水時間の変更は可能ですか？,異音がします。どうしたらよいですか？,0.6314157579881396
「洗い」だけ行いたいのですが,脱水時間の変更は可能ですか？,0.6310514758780131
おすすめのコースを教えて？,洗濯だけする方法を教えて？,0.6309554390691486
ふんわりキープとは何ですか？,すすぎの設定を変更することは可能ですか？,0.630897808167726
乾燥だけで使用出来ますか？,水漏れしています。どうしたらよいですか？,0.630434154467347
おすすめのコースを教えて？,洗濯物に白い粉が残っています。　どうしたらよいですか？,0.6303531979690871
外出先から洗濯を開始できますか？,ドラムが動きません,0.6303502147010693
脱水時間の変更は可能ですか？,本体がぐらつきます。どうしたら良いですか？,0.6302984736138426
洗濯だけする方法を教えて？,洗濯ネットは必要ですか？,0.6299981397608188
外出先から洗濯を開始できますか？,おしゃれ着コースはありますか？,0.6293252536471851
ナノイーXとは何ですか？,洗剤の種類によって設定は変わりますか？,0.6286768605233095
深夜に運転しても大丈夫？,コースが表示されないのですが,0.6285421054887226
洗濯をスタートする方法を教えて？,靴は洗えますか？,0.6284499545905731
異音がします。どうしたらよいですか？,靴は洗えますか？,0.6283091116331572
自動投入機能の使い方を教えて？,外出先から洗濯を開始できますか？,0.6281921971010871
乾燥だけで使用出来ますか？,ドラムが動きません,0.6281362404451545
運転終了時にアラームを鳴らさないようにできますか？,ドラムが動きません,0.6278136787781885
スチーム機能の使い方を教えて？,ジェット乾燥とは何ですか？,0.6275100051540143
おすすめのコースを教えて？,運転終了時にアラームを鳴らさないようにできますか？,0.6274804053303813
一時停止中にドアは開きますか？,「排水できない」エラーが出ます,0.6272062517624064
お急ぎコースはありますか？,靴は洗えますか？,0.6269252841782317
自動投入機能の使い方を教えて？,羽毛布団は洗えますか？,0.6261267706071474
チャイルドロックの設定をしたい,2度洗いは出来ますか？,0.6258377719457382
洗濯だけする方法を教えて？,お急ぎコースはありますか？,0.6258244958220562
乾燥だけで使用出来ますか？,本体がぐらつきます。どうしたら良いですか？,0.6248524141556117
ジェット乾燥とは何ですか？,一時停止中にドアは開きますか？,0.6245188203057104
靴は洗えますか？,ドアが完全に閉まりません,0.6244336077028473
毛布は洗えますか？,異音がします。どうしたらよいですか？,0.6242882112251165
ナノイーXとは何ですか？,靴は洗えますか？,0.6242387993535519
手動で個別に設定する事は可能ですか？,洗剤を手動で投入できますか？,0.6238205220304145
深夜に運転しても大丈夫？,お急ぎコースはありますか？,0.623742877158086
一時停止中にドアは開きますか？,洗剤の種類によって設定は変わりますか？,0.6236930285851929
スチーム機能の使い方を教えて？,予約機能の使い方をおしえて？,0.6235725438344755
洗剤を手動で投入できますか？,毛布は洗えますか？,0.6234259387407182
深夜に運転しても大丈夫？,洗剤の種類によって設定は変わりますか？,0.623312935309545
外出先から洗濯を開始できますか？,洗濯ネットは必要ですか？,0.6230951129100575
ジェット乾燥とは何ですか？,外出先から洗濯を開始できますか？,0.6230002078862464
ドアが完全に閉まりません,コースが表示されないのですが,0.622976688245866
おすすめのコースを教えて？,本体がぐらつきます。どうしたら良いですか？,0.62236091960663
スチーム機能の使い方を教えて？,外出先から洗濯を開始できますか？,0.6223023695763118
洗濯をスタートする方法を教えて？,羽毛布団は洗えますか？,0.6221590676519666
スチーム機能の使い方を教えて？,毛布は洗えますか？,0.6220428587794194
ドアが開かないのですが,おすすめの洗剤・柔軟剤はありますか？,0.6219930330823389
羽毛布団は洗えますか？,本体が熱くなります,0.6216417413640998
おすすめのコースを教えて？,すすぎの設定を変更することは可能ですか？,0.6212280505369725
異音がします。どうしたらよいですか？,最大容量は？,0.6211813202799475
自動投入機能の使い方を教えて？,スチーム機能の使い方を教えて？,0.6202862971099548
スチーム機能の使い方を教えて？,靴は洗えますか？,0.6201699977473554
洗剤を手動で投入できますか？,外出先から洗濯を開始できますか？,0.6191076392180324
乾燥だけで使用出来ますか？,おすすめの洗剤・柔軟剤はありますか？,0.6191054043866617
洗濯物が絡まります。どうしたらよいですか？,おしゃれ着コースはありますか？,0.6189224591720194
おすすめのコースを教えて？,おしゃれ着コースはありますか？,0.6187223141513888
チャイルドロックの設定をしたい,コースが表示されないのですが,0.6184968506792259
2度洗いは出来ますか？,外出先から洗濯を開始できますか？,0.6183105708037917
ジェット乾燥とは何ですか？,お急ぎコースはありますか？,0.6180850038443785
洗濯をスタートする方法を教えて？,コースが表示されないのですが,0.6171454412442223
洗濯物が絡まります。どうしたらよいですか？,ドアが完全に閉まりません,0.6169336414951612
洗濯物に白い粉が残っています。　どうしたらよいですか？,靴は洗えますか？,0.6167901760531749
手動で個別に設定する事は可能ですか？,洗濯物に白い粉が残っています。　どうしたらよいですか？,0.6167273125699921
洗濯物が絡まります。どうしたらよいですか？,洗濯物に白い粉が残っています。　どうしたらよいですか？,0.6163739880924586
すすぎの設定を変更することは可能ですか？,おすすめの洗剤・柔軟剤はありますか？,0.6162048704119468
洗濯だけする方法を教えて？,ドラムが動きません,0.6159801110727977
ジェット乾燥とは何ですか？,おしゃれ着コースはありますか？,0.6157792228466313
乾燥だけで使用出来ますか？,スチーム機能の使い方を教えて？,0.6156074062278505
洗濯をスタートする方法を教えて？,自動投入機能の使い方を教えて？,0.6152654183592126
おすすめのコースを教えて？,毛布は洗えますか？,0.6152623873042808
外出先から洗濯を開始できますか？,洗剤の種類によって設定は変わりますか？,0.6144233138859071
ふんわりキープとは何ですか？,本体がぐらつきます。どうしたら良いですか？,0.6143995661358921
おすすめのコースを教えて？,水漏れしています。どうしたらよいですか？,0.6143365534173697
運転終了時にアラームを鳴らさないようにできますか？,コースが表示されないのですが,0.6142408467491383
乾燥だけで使用出来ますか？,異音がします。どうしたらよいですか？,0.6134017914665553
本体がぐらつきます。どうしたら良いですか？,コースが表示されないのですが,0.6131783138728855
すすぎの設定を変更することは可能ですか？,羽毛布団は洗えますか？,0.6126584587206945
洗濯をスタートする方法を教えて？,予約機能の使い方をおしえて？,0.6124476034264628
お急ぎコースはありますか？,予約機能の使い方をおしえて？,0.6122953681973617
洗濯をスタートする方法を教えて？,外出先から洗濯を開始できますか？,0.6122094599130304
ドアが開かないのですが,外出先から洗濯を開始できますか？,0.6119478256404403
すすぎの設定を変更することは可能ですか？,毛布は洗えますか？,0.6113403232686607
洗濯だけする方法を教えて？,チャイルドロックの設定をしたい,0.6112073325090605
羽毛布団は洗えますか？,異音がします。どうしたらよいですか？,0.6111719460540547
深夜に運転しても大丈夫？,ドアが完全に閉まりません,0.6111377744148994
おしゃれ着コースはありますか？,ドラムが動きません,0.6110551186698294
おすすめのコースを教えて？,手動で個別に設定する事は可能ですか？,0.6110479006427236
自動投入機能の使い方を教えて？,ドラムが動きません,0.6103189066204018
おしゃれ着コースはありますか？,おすすめの洗剤・柔軟剤はありますか？,0.6099429046237019
ナノイーXとは何ですか？,コースが表示されないのですが,0.6093577860691701
ジェット乾燥とは何ですか？,洗剤の種類によって設定は変わりますか？,0.6093184573811352
毛布は洗えますか？,深夜に運転しても大丈夫？,0.6091917887194676
すすぎの設定を変更することは可能ですか？,外出先から洗濯を開始できますか？,0.6087258738321102
省エネモードはありますか？,「排水できない」エラーが出ます,0.6083268044753058
羽毛布団は洗えますか？,洗濯物が絡まります。どうしたらよいですか？,0.6082667983731433
外出先から洗濯を開始できますか？,靴は洗えますか？,0.6082026740671521
洗濯だけする方法を教えて？,2度洗いは出来ますか？,0.608006666409119
洗濯物が絡まります。どうしたらよいですか？,本体がぐらつきます。どうしたら良いですか？,0.6078799014073699
羽毛布団は洗えますか？,水漏れしています。どうしたらよいですか？,0.607704625496823
羽毛布団は洗えますか？,ドアが完全に閉まりません,0.6075296946387403
洗濯物が絡まります。どうしたらよいですか？,靴は洗えますか？,0.6072922701724128
チャイルドロックの設定をしたい,洗剤の種類によって設定は変わりますか？,0.6067540435955018
おすすめのコースを教えて？,異音がします。どうしたらよいですか？,0.6066001893932753
ふんわりキープとは何ですか？,深夜に運転しても大丈夫？,0.6065037425111436
洗濯だけする方法を教えて？,最大容量は？,0.6064796436856799
外出先から洗濯を開始できますか？,本体がぐらつきます。どうしたら良いですか？,0.6061336098843308
洗剤の種類によって設定は変わりますか？,洗濯物に白い粉が残っています。　どうしたらよいですか？,0.6060462154351257
ふんわりキープとは何ですか？,異音がします。どうしたらよいですか？,0.6057549630054648
ふんわりキープとは何ですか？,一時停止中にドアは開きますか？,0.6057418975286553
運転終了時にアラームを鳴らさないようにできますか？,靴は洗えますか？,0.6054310434914497
手動で個別に設定する事は可能ですか？,水漏れしています。どうしたらよいですか？,0.6051326384637739
洗濯だけする方法を教えて？,異音がします。どうしたらよいですか？,0.604861472460693
手動で個別に設定する事は可能ですか？,「洗い」だけ行いたいのですが,0.6048448385066323
すすぎの設定を変更することは可能ですか？,コースが表示されないのですが,0.6047492489309831
外出先から洗濯を開始できますか？,羽毛布団は洗えますか？,0.6046205667932101
ジェット乾燥とは何ですか？,深夜に運転しても大丈夫？,0.6045856323025208
おしゃれ着コースはありますか？,最大容量は？,0.6039309030304043
洗濯をスタートする方法を教えて？,おしゃれ着コースはありますか？,0.6033778209450517
ナノイーXとは何ですか？,洗濯物に白い粉が残っています。　どうしたらよいですか？,0.6031115572824298
ドアが開かないのですが,洗剤の種類によって設定は変わりますか？,0.6027623848558137
設定の初期化はできますか？,おすすめの洗剤・柔軟剤はありますか？,0.602721602965208
洗濯物が絡まります。どうしたらよいですか？,洗濯時間は何分ですか？,0.6022765622116288
ナノイーXとは何ですか？,深夜に運転しても大丈夫？,0.6022268410206713
予約機能の使い方をおしえて？,おすすめの洗剤・柔軟剤はありますか？,0.6019587116106582
一時停止中にドアは開きますか？,靴は洗えますか？,0.6016780844784846
洗濯物が絡まります。どうしたらよいですか？,おすすめの洗剤・柔軟剤はありますか？,0.601677477220926
ナノイーXとは何ですか？,ジェット乾燥とは何ですか？,0.6016517035574315
チャイルドロックの設定をしたい,ナノイーXとは何ですか？,0.6015572527968074
異音がします。どうしたらよいですか？,予約機能の使い方をおしえて？,0.6011663124885392
脱水時間の変更は可能ですか？,「水が出ない」エラーが出ます,0.6010636294112391
ドアが完全に閉まりません,本体が熱くなります,0.6009322442163061
異音がします。どうしたらよいですか？,洗濯時間は何分ですか？,0.6005675245814137
スチーム機能の使い方を教えて？,運転終了時にアラームを鳴らさないようにできますか？,0.600136492636645
ふんわりキープとは何ですか？,洗濯時間は何分ですか？,0.5998056706409796
すすぎの設定を変更することは可能ですか？,運転終了時にアラームを鳴らさないようにできますか？,0.5995828736767176
洗濯をスタートする方法を教えて？,おすすめのコースを教えて？,0.5988548997282266
洗濯だけする方法を教えて？,洗濯時間は何分ですか？,0.5983703032888121
ふんわりキープとは何ですか？,洗濯物に白い粉が残っています。　どうしたらよいですか？,0.5981686474171988
洗濯だけする方法を教えて？,ドアが開かないのですが,0.5977665172434112
ドラムが動きません,本体が熱くなります,0.5972511008847701
コースが表示されないのですが,洗濯時間は何分ですか？,0.5968134252069273
2度洗いは出来ますか？,毛布は洗えますか？,0.5966123788653073
洗濯物に白い粉が残っています。　どうしたらよいですか？,コースが表示されないのですが,0.5964812476054016
自動投入機能の使い方を教えて？,ジェット乾燥とは何ですか？,0.5964147110134475
洗濯ネットは必要ですか？,予約機能の使い方をおしえて？,0.5962747926574321
おすすめのコースを教えて？,「洗い」だけ行いたいのですが,0.596174603241731
おしゃれ着コースはありますか？,洗剤の種類によって設定は変わりますか？,0.5960739939538707
洗濯をスタートする方法を教えて？,乾燥だけで使用出来ますか？,0.5959678808673811
洗濯の途中で一時停止できますか？,一時停止中にドアは開きますか？,0.5958751260668456
洗濯ネットは必要ですか？,洗剤の種類によって設定は変わりますか？,0.5958503970993787
乾燥だけで使用出来ますか？,「洗い」だけ行いたいのですが,0.5958454392937149
ドアが開かないのですが,本体が熱くなります,0.5948979760049198
スチーム機能の使い方を教えて？,2度洗いは出来ますか？,0.59486285097966
ドアが開かないのですが,本体がぐらつきます。どうしたら良いですか？,0.5947952850659148
水漏れしています。どうしたらよいですか？,ドラムが動きません,0.5946985291313589
ふんわりキープとは何ですか？,最大容量は？,0.5946356791428805
おすすめのコースを教えて？,予約機能の使い方をおしえて？,0.5944063073052419
手動で個別に設定する事は可能ですか？,ふんわりキープとは何ですか？,0.5942015215379198
乾燥だけで使用出来ますか？,洗濯物が絡まります。どうしたらよいですか？,0.5941832451537097
洗濯時間は何分ですか？,水漏れしています。どうしたらよいですか？,0.5940586266066334
スチーム機能の使い方を教えて？,おしゃれ着コースはありますか？,0.5940307310864436
洗濯ネットは必要ですか？,水漏れしています。どうしたらよいですか？,0.5939987194775598
乾燥だけで使用出来ますか？,最大容量は？,0.5939970124755956
洗剤の種類によって設定は変わりますか？,ドアが完全に閉まりません,0.5938020619671994
「洗い」だけ行いたいのですが,予約機能の使い方をおしえて？,0.5932314698789274
一時停止中にドアは開きますか？,羽毛布団は洗えますか？,0.5931577837439175
洗濯をスタートする方法を教えて？,洗濯ネットは必要ですか？,0.592696799137982
羽毛布団は洗えますか？,洗濯物に白い粉が残っています。　どうしたらよいですか？,0.5924513961677453
運転終了時にアラームを鳴らさないようにできますか？,外出先から洗濯を開始できますか？,0.5922191052381325
予約機能の使い方をおしえて？,ドラムが動きません,0.5920653490074409
スチーム機能の使い方を教えて？,羽毛布団は洗えますか？,0.591949013894824
ドアが開かないのですが,異音がします。どうしたらよいですか？,0.5919247794297992
異音がします。どうしたらよいですか？,コースが表示されないのですが,0.5918676367471756
ナノイーXとは何ですか？,異音がします。どうしたらよいですか？,0.5917189988953189
自動投入機能の使い方を教えて？,一時停止中にドアは開きますか？,0.5915152203366951
洗濯ネットは必要ですか？,コースが表示されないのですが,0.5914642180703334
予約機能の使い方をおしえて？,最大容量は？,0.5912984409588458
「洗い」だけ行いたいのですが,洗剤の種類によって設定は変わりますか？,0.5909152369875241
脱水時間の変更は可能ですか？,洗剤の種類によって設定は変わりますか？,0.5906557974634647
手動で個別に設定する事は可能ですか？,お急ぎコースはありますか？,0.5905841358588504
乾燥だけで使用出来ますか？,脱水時間の変更は可能ですか？,0.5904082445425041
ドアが開かないのですが,水漏れしています。どうしたらよいですか？,0.5901016631405609
2度洗いは出来ますか？,洗剤の種類によって設定は変わりますか？,0.5900745986939284
おしゃれ着コースはありますか？,水漏れしています。どうしたらよいですか？,0.5898177823389948
外出先から洗濯を開始できますか？,一時停止中にドアは開きますか？,0.5897327682932458
洗濯だけする方法を教えて？,運転終了時にアラームを鳴らさないようにできますか？,0.589596643066984
スチーム機能の使い方を教えて？,洗剤の種類によって設定は変わりますか？,0.5895447740389859
ジェット乾燥とは何ですか？,毛布は洗えますか？,0.589542277666426
ドアが開かないのですが,最大容量は？,0.589369374092092
コースが表示されないのですが,おすすめの洗剤・柔軟剤はありますか？,0.5893268691535181
ドアが開かないのですが,お急ぎコースはありますか？,0.5893027085417781
ナノイーXとは何ですか？,外出先から洗濯を開始できますか？,0.5888812168129038
自動投入機能の使い方を教えて？,2度洗いは出来ますか？,0.5886257718421539
羽毛布団は洗えますか？,ドラムが動きません,0.5885850317833348
乾燥だけで使用出来ますか？,「水が出ない」エラーが出ます,0.5885772172271806
洗濯時間は何分ですか？,最大容量は？,0.5884992614067804
洗濯をスタートする方法を教えて？,ジェット乾燥とは何ですか？,0.5880520896852175
ドアが開かないのですが,予約機能の使い方をおしえて？,0.5879986787291639
チャイルドロックの設定をしたい,毛布は洗えますか？,0.5878385236978341
2度洗いは出来ますか？,羽毛布団は洗えますか？,0.5877584388078245
毛布は洗えますか？,ドラムが動きません,0.587745501523901
コースが表示されないのですが,設定の初期化はできますか？,0.5874458286070331
手動で個別に設定する事は可能ですか？,「排水できない」エラーが出ます,0.5873703755262654
一時停止中にドアは開きますか？,ドアが完全に閉まりません,0.5872838373777559
ジェット乾燥とは何ですか？,羽毛布団は洗えますか？,0.5871291528497242
毛布は洗えますか？,洗濯物に白い粉が残っています。　どうしたらよいですか？,0.5870408307330791
洗剤の種類によって設定は変わりますか？,水漏れしています。どうしたらよいですか？,0.58671382970399
おすすめのコースを教えて？,一時停止中にドアは開きますか？,0.586645702697105
乾燥だけで使用出来ますか？,ドアが完全に閉まりません,0.5853788717853965
ドアが完全に閉まりません,おすすめの洗剤・柔軟剤はありますか？,0.5851131837121308
ナノイーXとは何ですか？,最大容量は？,0.5846397289569172
ナノイーXとは何ですか？,お急ぎコースはありますか？,0.5845894000427456
運転終了時にアラームを鳴らさないようにできますか？,毛布は洗えますか？,0.5843707397082526
靴は洗えますか？,洗濯時間は何分ですか？,0.5841450240437054
ドラムが動きません,設定の初期化はできますか？,0.5840662415487157
洗濯だけする方法を教えて？,洗濯物に白い粉が残っています。　どうしたらよいですか？,0.5836432478535019
手動で個別に設定する事は可能ですか？,本体がぐらつきます。どうしたら良いですか？,0.5835916884594687
自動投入機能の使い方を教えて？,ドアが開かないのですが,0.5835542098564508
ジェット乾燥とは何ですか？,コースが表示されないのですが,0.583531553043017
自動投入機能の使い方を教えて？,おしゃれ着コースはありますか？,0.5833971394958362
外出先から洗濯を開始できますか？,「排水できない」エラーが出ます,0.583151435297274
ドアが開かないのですが,洗濯物が絡まります。どうしたらよいですか？,0.5826738416658921
2度洗いは出来ますか？,ジェット乾燥とは何ですか？,0.5816934378948474
洗濯ネットは必要ですか？,おしゃれ着コースはありますか？,0.5816571734179498
乾燥だけで使用出来ますか？,洗濯物に白い粉が残っています。　どうしたらよいですか？,0.5816321015425026
羽毛布団は洗えますか？,おすすめの洗剤・柔軟剤はありますか？,0.5816318265909493
すすぎの設定を変更することは可能ですか？,ドアが開かないのですが,0.5814669509131373
お急ぎコースはありますか？,設定の初期化はできますか？,0.5814650261138556
ナノイーXとは何ですか？,「洗い」だけ行いたいのですが,0.5813754876570019
外出先から洗濯を開始できますか？,洗濯物に白い粉が残っています。　どうしたらよいですか？,0.5813703002200403
おしゃれ着コースはありますか？,本体がぐらつきます。どうしたら良いですか？,0.5803529054008297
チャイルドロックの設定をしたい,設定の初期化はできますか？,0.5803000455829401
洗剤を手動で投入できますか？,おしゃれ着コースはありますか？,0.5802107098001381
洗濯だけする方法を教えて？,「洗い」だけ行いたいのですが,0.5795350452552115
洗剤の種類によって設定は変わりますか？,本体がぐらつきます。どうしたら良いですか？,0.5793792730071324
ドアが開かないのですが,おしゃれ着コースはありますか？,0.5789835660036423
ドアが開かないのですが,毛布は洗えますか？,0.5785914945695667
ふんわりキープとは何ですか？,おすすめの洗剤・柔軟剤はありますか？,0.5785766684049728
お急ぎコースはありますか？,ドラムが動きません,0.5785415251252788
本体が熱くなります,おすすめの洗剤・柔軟剤はありますか？,0.5785198083013071
洗濯だけする方法を教えて？,おすすめの洗剤・柔軟剤はありますか？,0.5785084159387922
予約機能の使い方をおしえて？,洗濯時間は何分ですか？,0.5783601415701437
異音がします。どうしたらよいですか？,洗剤の種類によって設定は変わりますか？,0.5779386848606934
洗剤を手動で投入できますか？,ふんわりキープとは何ですか？,0.5776755329219809
羽毛布団は洗えますか？,本体がぐらつきます。どうしたら良いですか？,0.5775062584648348
運転終了時にアラームを鳴らさないようにできますか？,お急ぎコースはありますか？,0.5774794508355484
深夜に運転しても大丈夫？,最大容量は？,0.5772947160956232
スチーム機能の使い方を教えて？,ドアが開かないのですが,0.5768468730570671
自動投入機能の使い方を教えて？,本体がぐらつきます。どうしたら良いですか？,0.5766770683558013
2度洗いは出来ますか？,靴は洗えますか？,0.5766287044653384
運転終了時にアラームを鳴らさないようにできますか？,予約機能の使い方をおしえて？,0.5760916893700588
すすぎの設定を変更することは可能ですか？,洗濯時間は何分ですか？,0.5758718654518997
スチーム機能の使い方を教えて？,コースが表示されないのですが,0.5757545556902844
外出先から洗濯を開始できますか？,洗濯時間は何分ですか？,0.5751734651242357
コースが表示されないのですが,最大容量は？,0.5751705065630544
本体がぐらつきます。どうしたら良いですか？,最大容量は？,0.5749417521258509
自動投入機能の使い方を教えて？,水漏れしています。どうしたらよいですか？,0.5744864777503823
洗濯物が絡まります。どうしたらよいですか？,コースが表示されないのですが,0.5743680206534606
ジェット乾燥とは何ですか？,靴は洗えますか？,0.5742142428159549
洗濯だけする方法を教えて？,水漏れしています。どうしたらよいですか？,0.5740657218917077
洗濯をスタートする方法を教えて？,毛布は洗えますか？,0.5739585938374338
一時停止中にドアは開きますか？,コースが表示されないのですが,0.5739325740337383
毛布は洗えますか？,最大容量は？,0.5738466328351371
おすすめのコースを教えて？,羽毛布団は洗えますか？,0.5738162725668776
ナノイーXとは何ですか？,洗濯時間は何分ですか？,0.5736641380670137
運転終了時にアラームを鳴らさないようにできますか？,ドアが開かないのですが,0.5736550004187393
手動で個別に設定する事は可能ですか？,洗濯だけする方法を教えて？,0.5734225753920783
洗濯だけする方法を教えて？,一時停止中にドアは開きますか？,0.5731046171396881
自動投入機能の使い方を教えて？,すすぎの設定を変更することは可能ですか？,0.5728444789304649
おすすめのコースを教えて？,スチーム機能の使い方を教えて？,0.5726735507204936
ジェット乾燥とは何ですか？,すすぎの設定を変更することは可能ですか？,0.5724337452730673
ナノイーXとは何ですか？,本体がぐらつきます。どうしたら良いですか？,0.5720380185079089
洗剤を手動で投入できますか？,靴は洗えますか？,0.5718240180009618
ナノイーXとは何ですか？,羽毛布団は洗えますか？,0.5717335679614634
ジェット乾燥とは何ですか？,本体が熱くなります,0.5715118537986694
洗濯物に白い粉が残っています。　どうしたらよいですか？,最大容量は？,0.5709653593777732
すすぎの設定を変更することは可能ですか？,靴は洗えますか？,0.5708362232832358
ジェット乾燥とは何ですか？,異音がします。どうしたらよいですか？,0.5705043254090612
手動で個別に設定する事は可能ですか？,羽毛布団は洗えますか？,0.5703094615961464
2度洗いは出来ますか？,予約機能の使い方をおしえて？,0.5699334877752711
洗剤の種類によって設定は変わりますか？,洗濯時間は何分ですか？,0.569896772473351
2度洗いは出来ますか？,「水が出ない」エラーが出ます,0.5698656926068979
「水が出ない」エラーが出ます,コースが表示されないのですが,0.5698090834114126
すすぎの設定を変更することは可能ですか？,おしゃれ着コースはありますか？,0.5697091093842235
自動投入機能の使い方を教えて？,深夜に運転しても大丈夫？,0.5696137424084851
自動投入機能の使い方を教えて？,最大容量は？,0.5692211773177911
おすすめのコースを教えて？,お急ぎコースはありますか？,0.5691303426519209
2度洗いは出来ますか？,深夜に運転しても大丈夫？,0.5691225314226258
チャイルドロックの設定をしたい,ジェット乾燥とは何ですか？,0.5689795550846549
羽毛布団は洗えますか？,洗濯時間は何分ですか？,0.5687692337378453
運転終了時にアラームを鳴らさないようにできますか？,ドアが完全に閉まりません,0.5684612677656429
洗剤の種類によって設定は変わりますか？,ドラムが動きません,0.5676524085073448
「排水できない」エラーが出ます,コースが表示されないのですが,0.5676233905861057
洗濯だけする方法を教えて？,本体がぐらつきます。どうしたら良いですか？,0.5674254225350843
深夜に運転しても大丈夫？,おしゃれ着コースはありますか？,0.5668342944105911
水漏れしています。どうしたらよいですか？,おすすめの洗剤・柔軟剤はありますか？,0.5663362899506836
毛布は洗えますか？,お急ぎコースはありますか？,0.566241351680084
乾燥だけで使用出来ますか？,運転終了時にアラームを鳴らさないようにできますか？,0.5661414594361838
お急ぎコースはありますか？,おすすめの洗剤・柔軟剤はありますか？,0.5661081770607341
運転終了時にアラームを鳴らさないようにできますか？,おしゃれ着コースはありますか？,0.566070819278204
洗濯物に白い粉が残っています。　どうしたらよいですか？,予約機能の使い方をおしえて？,0.5660112208863515
乾燥だけで使用出来ますか？,「排水できない」エラーが出ます,0.5658453292963055
自動投入機能の使い方を教えて？,異音がします。どうしたらよいですか？,0.5657352935221658
深夜に運転しても大丈夫？,設定の初期化はできますか？,0.5657183803264001
2度洗いは出来ますか？,一時停止中にドアは開きますか？,0.5649899580422157
おすすめのコースを教えて？,「水が出ない」エラーが出ます,0.5647903087009629
2度洗いは出来ますか？,ナノイーXとは何ですか？,0.5647656674040459
2度洗いは出来ますか？,すすぎの設定を変更することは可能ですか？,0.5647226700827233
ジェット乾燥とは何ですか？,おすすめの洗剤・柔軟剤はありますか？,0.564478416421641
最大容量は？,ドラムが動きません,0.5643721898242968
毛布は洗えますか？,洗濯物が絡まります。どうしたらよいですか？,0.5642516484245705
洗濯時間は何分ですか？,おすすめの洗剤・柔軟剤はありますか？,0.564218814849375
手動で個別に設定する事は可能ですか？,ナノイーXとは何ですか？,0.5641824034898252
ジェット乾燥とは何ですか？,最大容量は？,0.5632776091652163
靴は洗えますか？,おすすめの洗剤・柔軟剤はありますか？,0.5631423020809334
ドアが開かないのですが,洗濯物に白い粉が残っています。　どうしたらよいですか？,0.5630259563233225
手動で個別に設定する事は可能ですか？,予約機能の使い方をおしえて？,0.5628827069405544
洗剤を手動で投入できますか？,予約機能の使い方をおしえて？,0.5625411625628496
おしゃれ着コースはありますか？,「排水できない」エラーが出ます,0.5624865203993363
ナノイーXとは何ですか？,洗濯ネットは必要ですか？,0.562375111787519
洗濯の途中で一時停止できますか？,お急ぎコースはありますか？,0.5620633202655247
ドアが完全に閉まりません,予約機能の使い方をおしえて？,0.5620018727096896
洗濯ネットは必要ですか？,毛布は洗えますか？,0.5619597301419501
おしゃれ着コースはありますか？,洗濯物に白い粉が残っています。　どうしたらよいですか？,0.5617338111893443
おすすめのコースを教えて？,コースが表示されないのですが,0.5616180824599637
外出先から洗濯を開始できますか？,「水が出ない」エラーが出ます,0.561614815933376
深夜に運転しても大丈夫？,靴は洗えますか？,0.5616119563850903
チャイルドロックの設定をしたい,深夜に運転しても大丈夫？,0.5616111924122427
洗濯をスタートする方法を教えて？,一時停止中にドアは開きますか？,0.5614747330753347
洗剤の種類によって設定は変わりますか？,最大容量は？,0.5608141505193189
運転終了時にアラームを鳴らさないようにできますか？,洗剤の種類によって設定は変わりますか？,0.5607634146140248
予約機能の使い方をおしえて？,設定の初期化はできますか？,0.5607512136847536
ドアが完全に閉まりません,水漏れしています。どうしたらよいですか？,0.5605291348078889
乾燥だけで使用出来ますか？,設定の初期化はできますか？,0.5603211826287988
洗濯物が絡まります。どうしたらよいですか？,最大容量は？,0.5602772754514675
本体がぐらつきます。どうしたら良いですか？,洗濯時間は何分ですか？,0.5602772282134914
「洗い」だけ行いたいのですが,毛布は洗えますか？,0.5601044797637855
洗濯ネットは必要ですか？,お急ぎコースはありますか？,0.5598590142005757
本体がぐらつきます。どうしたら良いですか？,ドラムが動きません,0.5598567337793147
手動で個別に設定する事は可能ですか？,チャイルドロックの設定をしたい,0.5598109576046748
手動で個別に設定する事は可能ですか？,一時停止中にドアは開きますか？,0.559773639346287
予約機能の使い方をおしえて？,水漏れしています。どうしたらよいですか？,0.5595645763253642
ジェット乾燥とは何ですか？,本体がぐらつきます。どうしたら良いですか？,0.5593544752164016
チャイルドロックの設定をしたい,おしゃれ着コースはありますか？,0.5592658015109648
洗濯ネットは必要ですか？,異音がします。どうしたらよいですか？,0.5590749899624033
外出先から洗濯を開始できますか？,設定の初期化はできますか？,0.5589349489431972
2度洗いは出来ますか？,ふんわりキープとは何ですか？,0.5588540980388523
手動で個別に設定する事は可能ですか？,ジェット乾燥とは何ですか？,0.5587474565028058
おすすめのコースを教えて？,自動投入機能の使い方を教えて？,0.5585755214694916
脱水時間の変更は可能ですか？,ドアが開かないのですが,0.5584436574070207
ジェット乾燥とは何ですか？,洗濯時間は何分ですか？,0.558296426489131
2度洗いは出来ますか？,おしゃれ着コースはありますか？,0.5579730648010814
洗剤を手動で投入できますか？,コースが表示されないのですが,0.5578317221947976
最大容量は？,水漏れしています。どうしたらよいですか？,0.5575051110131648
洗濯物に白い粉が残っています。　どうしたらよいですか？,ドラムが動きません,0.5573724582413339
洗濯をスタートする方法を教えて？,2度洗いは出来ますか？,0.5567082897236746
洗剤を手動で投入できますか？,羽毛布団は洗えますか？,0.5566530632743812
洗濯物に白い粉が残っています。　どうしたらよいですか？,洗濯時間は何分ですか？,0.556597978257064
チャイルドロックの設定をしたい,外出先から洗濯を開始できますか？,0.5565837705920595
一時停止中にドアは開きますか？,予約機能の使い方をおしえて？,0.5565249060360731
脱水時間の変更は可能ですか？,予約機能の使い方をおしえて？,0.5564366203733695
外出先から洗濯を開始できますか？,「わが家流」設定とは何ですか？,0.5563781224089582
ジェット乾燥とは何ですか？,洗濯物に白い粉が残っています。　どうしたらよいですか？,0.5562765169563213
自動投入機能の使い方を教えて？,「洗い」だけ行いたいのですが,0.555525964237164
運転終了時にアラームを鳴らさないようにできますか？,「排水できない」エラーが出ます,0.5552781391128587
毛布は洗えますか？,おすすめの洗剤・柔軟剤はありますか？,0.5550180604412869
洗濯ネットは必要ですか？,羽毛布団は洗えますか？,0.5543920741475596
洗濯ネットは必要ですか？,本体がぐらつきます。どうしたら良いですか？,0.5540744731115056
手動で個別に設定する事は可能ですか？,異音がします。どうしたらよいですか？,0.5538435386334042
洗剤の種類によって設定は変わりますか？,設定の初期化はできますか？,0.5536639564368719
ふんわりキープとは何ですか？,水漏れしています。どうしたらよいですか？,0.553657258374083
お急ぎコースはありますか？,「排水できない」エラーが出ます,0.553564463622316
洗剤を手動で投入できますか？,ナノイーXとは何ですか？,0.553522899275031
本体がぐらつきます。どうしたら良いですか？,予約機能の使い方をおしえて？,0.553496636765124
洗濯をスタートする方法を教えて？,ドラムが動きません,0.5534098403976508
洗濯だけする方法を教えて？,洗剤を手動で投入できますか？,0.5531580796623514
運転終了時にアラームを鳴らさないようにできますか？,深夜に運転しても大丈夫？,0.5530497199334818
手動で個別に設定する事は可能ですか？,コースが表示されないのですが,0.5526928528796605
チャイルドロックの設定をしたい,すすぎの設定を変更することは可能ですか？,0.5525700499711867
すすぎの設定を変更することは可能ですか？,洗濯物に白い粉が残っています。　どうしたらよいですか？,0.5525248775766922
すすぎの設定を変更することは可能ですか？,一時停止中にドアは開きますか？,0.5522113614006814
ふんわりキープとは何ですか？,「排水できない」エラーが出ます,0.5519692016359198
おしゃれ着コースはありますか？,設定の初期化はできますか？,0.5517180493414924
ナノイーXとは何ですか？,「排水できない」エラーが出ます,0.551470509482376
洗濯だけする方法を教えて？,洗濯物が絡まります。どうしたらよいですか？,0.5513823545891736
おすすめのコースを教えて？,洗剤の種類によって設定は変わりますか？,0.5513331815509908
省エネモードはありますか？,洗濯物に白い粉が残っています。　どうしたらよいですか？,0.5507467196643056
洗濯ネットは必要ですか？,おすすめの洗剤・柔軟剤はありますか？,0.5502276463651317
スチーム機能の使い方を教えて？,洗濯ネットは必要ですか？,0.5501645094557298
すすぎの設定を変更することは可能ですか？,異音がします。どうしたらよいですか？,0.5501587546362005
自動投入機能の使い方を教えて？,お急ぎコースはありますか？,0.5501451676670399
羽毛布団は洗えますか？,お急ぎコースはありますか？,0.5501243107775384
靴は洗えますか？,「排水できない」エラーが出ます,0.5500402129468672
羽毛布団は洗えますか？,「水が出ない」エラーが出ます,0.5499403329196452
洗濯の途中で一時停止できますか？,羽毛布団は洗えますか？,0.5497896725686416
羽毛布団は洗えますか？,最大容量は？,0.5497666380641859
ドアが開かないのですが,設定の初期化はできますか？,0.5497425517879593
外出先から洗濯を開始できますか？,深夜に運転しても大丈夫？,0.5497218397068097
お急ぎコースはありますか？,本体がぐらつきます。どうしたら良いですか？,0.549670913506383
ジェット乾燥とは何ですか？,「わが家流」設定とは何ですか？,0.5496274886243367
毛布は洗えますか？,洗濯時間は何分ですか？,0.5493263983244095
毛布は洗えますか？,本体がぐらつきます。どうしたら良いですか？,0.549299348053623
異音がします。どうしたらよいですか？,ドラムが動きません,0.5491056948690778
洗濯ネットは必要ですか？,深夜に運転しても大丈夫？,0.5488422011965266
「洗い」だけ行いたいのですが,靴は洗えますか？,0.5487129519450065
洗濯をスタートする方法を教えて？,ナノイーXとは何ですか？,0.5484808910619028
ふんわりキープとは何ですか？,脱水時間の変更は可能ですか？,0.5483793713879221
洗濯物が絡まります。どうしたらよいですか？,予約機能の使い方をおしえて？,0.5479788551418457
外出先から洗濯を開始できますか？,異音がします。どうしたらよいですか？,0.547543022664158
2度洗いは出来ますか？,コースが表示されないのですが,0.547535020138938
洗濯をスタートする方法を教えて？,水漏れしています。どうしたらよいですか？,0.5474827821179062
スチーム機能の使い方を教えて？,ナノイーXとは何ですか？,0.5472290696278279
おすすめのコースを教えて？,省エネモードはありますか？,0.5471176132627424
洗濯だけする方法を教えて？,ドアが完全に閉まりません,0.5470444812793758
洗濯をスタートする方法を教えて？,ドアが開かないのですが,0.5465119079408115
ジェット乾燥とは何ですか？,設定の初期化はできますか？,0.5460547008533896
脱水時間の変更は可能ですか？,羽毛布団は洗えますか？,0.546050195004324
羽毛布団は洗えますか？,深夜に運転しても大丈夫？,0.5454938912912688
運転終了時にアラームを鳴らさないようにできますか？,羽毛布団は洗えますか？,0.5452045132647272
すすぎの設定を変更することは可能ですか？,お急ぎコースはありますか？,0.5450892822787068
異音がします。どうしたらよいですか？,ドアが完全に閉まりません,0.5447342960395098
ジェット乾燥とは何ですか？,「排水できない」エラーが出ます,0.5443398216146862
おしゃれ着コースはありますか？,本体が熱くなります,0.5443104636662345
洗濯ネットは必要ですか？,靴は洗えますか？,0.5438308052303823
チャイルドロックの設定をしたい,ドアが開かないのですが,0.5435389579971368
省エネモードはありますか？,「わが家流」設定とは何ですか？,0.5434593110058835
自動投入機能の使い方を教えて？,洗濯物に白い粉が残っています。　どうしたらよいですか？,0.5433155114515674
「わが家流」設定とは何ですか？,「排水できない」エラーが出ます,0.5427681390255927
最大容量は？,おすすめの洗剤・柔軟剤はありますか？,0.5426790632531375
外出先から洗濯を開始できますか？,洗濯の途中で一時停止できますか？,0.542642910594662
スチーム機能の使い方を教えて？,深夜に運転しても大丈夫？,0.542531750674927
洗濯ネットは必要ですか？,洗濯物に白い粉が残っています。　どうしたらよいですか？,0.5423933732691724
手動で個別に設定する事は可能ですか？,「わが家流」設定とは何ですか？,0.5421749598428717
おすすめのコースを教えて？,おすすめの洗剤・柔軟剤はありますか？,0.5420451564928701
スチーム機能の使い方を教えて？,すすぎの設定を変更することは可能ですか？,0.5416773614970719
毛布は洗えますか？,ドアが完全に閉まりません,0.5413229327898008
おすすめのコースを教えて？,乾燥だけで使用出来ますか？,0.5412443685123767
ジェット乾燥とは何ですか？,水漏れしています。どうしたらよいですか？,0.5409073063639962
すすぎの設定を変更することは可能ですか？,設定の初期化はできますか？,0.5404058182237992
手動で個別に設定する事は可能ですか？,自動投入機能の使い方を教えて？,0.5399285619070193
洗濯をスタートする方法を教えて？,「排水できない」エラーが出ます,0.5398927217415463
一時停止中にドアは開きますか？,毛布は洗えますか？,0.5395003596795294
洗濯だけする方法を教えて？,脱水時間の変更は可能ですか？,0.5394544964463825
異音がします。どうしたらよいですか？,おすすめの洗剤・柔軟剤はありますか？,0.539391589858238
一時停止中にドアは開きますか？,おすすめの洗剤・柔軟剤はありますか？,0.5392567324324138
チャイルドロックの設定をしたい,洗剤を手動で投入できますか？,0.5390110657495205
乾燥だけで使用出来ますか？,洗剤を手動で投入できますか？,0.5387804673919322
運転終了時にアラームを鳴らさないようにできますか？,おすすめの洗剤・柔軟剤はありますか？,0.5387136355635658
ジェット乾燥とは何ですか？,ドアが完全に閉まりません,0.5386384689989447
ドアが完全に閉まりません,洗濯時間は何分ですか？,0.5383751907956176
靴は洗えますか？,本体が熱くなります,0.5379590525133666
チャイルドロックの設定をしたい,ふんわりキープとは何ですか？,0.5379355644165067
洗濯をスタートする方法を教えて？,本体がぐらつきます。どうしたら良いですか？,0.5378367324997062
手動で個別に設定する事は可能ですか？,靴は洗えますか？,0.537656209211608
洗剤を手動で投入できますか？,洗剤の種類によって設定は変わりますか？,0.5376206792003317
毛布は洗えますか？,設定の初期化はできますか？,0.5375008643628547
ドアが完全に閉まりません,最大容量は？,0.5372036137210163
洗濯物が絡まります。どうしたらよいですか？,本体が熱くなります,0.5369627641638863
外出先から洗濯を開始できますか？,水漏れしています。どうしたらよいですか？,0.5367989431767454
洗濯物に白い粉が残っています。　どうしたらよいですか？,ドアが完全に閉まりません,0.5367922627691246
手動で個別に設定する事は可能ですか？,運転終了時にアラームを鳴らさないようにできますか？,0.5357748135435164
一時停止中にドアは開きますか？,洗濯物が絡まります。どうしたらよいですか？,0.5355597853139742
チャイルドロックの設定をしたい,おすすめの洗剤・柔軟剤はありますか？,0.5355306600958631
ナノイーXとは何ですか？,洗濯物が絡まります。どうしたらよいですか？,0.5353648918889352
脱水時間の変更は可能ですか？,「わが家流」設定とは何ですか？,0.5352133976583306
おしゃれ着コースはありますか？,ドアが完全に閉まりません,0.5345615941592033
脱水時間の変更は可能ですか？,靴は洗えますか？,0.534133281047843
羽毛布団は洗えますか？,「排水できない」エラーが出ます,0.5340560708809476
手動で個別に設定する事は可能ですか？,外出先から洗濯を開始できますか？,0.5337539890416264
自動投入機能の使い方を教えて？,ナノイーXとは何ですか？,0.5337274878793425
お急ぎコースはありますか？,水漏れしています。どうしたらよいですか？,0.5336885362867634
おすすめのコースを教えて？,洗濯時間は何分ですか？,0.5334004959939417
洗剤を手動で投入できますか？,お急ぎコースはありますか？,0.53312121943794
洗濯時間は何分ですか？,ドラムが動きません,0.5330104925303513
「洗い」だけ行いたいのですが,羽毛布団は洗えますか？,0.53283145395326
ドアが開かないのですが,「排水できない」エラーが出ます,0.5326809022750347
洗剤を手動で投入できますか？,すすぎの設定を変更することは可能ですか？,0.5325197483273043
洗濯ネットは必要ですか？,洗濯時間は何分ですか？,0.5325033874365241
手動で個別に設定する事は可能ですか？,おすすめの洗剤・柔軟剤はありますか？,0.5323223339465707
チャイルドロックの設定をしたい,運転終了時にアラームを鳴らさないようにできますか？,0.5320230898940294
自動投入機能の使い方を教えて？,脱水時間の変更は可能ですか？,0.5316298653964535
2度洗いは出来ますか？,お急ぎコースはありますか？,0.5312615237776626
ドアが開かないのですが,深夜に運転しても大丈夫？,0.5312356995264078
靴は洗えますか？,「水が出ない」エラーが出ます,0.5310617584564657
「洗い」だけ行いたいのですが,おすすめの洗剤・柔軟剤はありますか？,0.5308673012167078
おすすめのコースを教えて？,ナノイーXとは何ですか？,0.5306718688730143
手動で個別に設定する事は可能ですか？,毛布は洗えますか？,0.5304313729842296
羽毛布団は洗えますか？,省エネモードはありますか？,0.5304200715236684
2度洗いは出来ますか？,本体がぐらつきます。どうしたら良いですか？,0.5301260956507761
手動で個別に設定する事は可能ですか？,2度洗いは出来ますか？,0.5297713569653673
ナノイーXとは何ですか？,ドアが開かないのですが,0.5297447989105843
ドアが完全に閉まりません,「排水できない」エラーが出ます,0.529599140240819
手動で個別に設定する事は可能ですか？,最大容量は？,0.529476096013388
手動で個別に設定する事は可能ですか？,「水が出ない」エラーが出ます,0.5292675713701236
2度洗いは出来ますか？,「排水できない」エラーが出ます,0.5290882530633385
「洗い」だけ行いたいのですが,「排水できない」エラーが出ます,0.528808202315955
「水が出ない」エラーが出ます,ドラムが動きません,0.5286878154530222
2度洗いは出来ますか？,ドアが開かないのですが,0.5281978458895118
洗剤を手動で投入できますか？,ドラムが動きません,0.5278396652750197
ジェット乾燥とは何ですか？,脱水時間の変更は可能ですか？,0.5277152641886937
すすぎの設定を変更することは可能ですか？,洗濯物が絡まります。どうしたらよいですか？,0.5275661356703101
洗濯をスタートする方法を教えて？,洗剤の種類によって設定は変わりますか？,0.5274121412373037
ナノイーXとは何ですか？,水漏れしています。どうしたらよいですか？,0.5272233302460805
洗濯の途中で一時停止できますか？,「排水できない」エラーが出ます,0.5266007204641857
チャイルドロックの設定をしたい,ドラムが動きません,0.5263946639022126
洗濯をスタートする方法を教えて？,運転終了時にアラームを鳴らさないようにできますか？,0.526336781285342
深夜に運転しても大丈夫？,洗濯物に白い粉が残っています。　どうしたらよいですか？,0.526180609369386
毛布は洗えますか？,「排水できない」エラーが出ます,0.5260880307686603
外出先から洗濯を開始できますか？,最大容量は？,0.5257042346230165
ふんわりキープとは何ですか？,設定の初期化はできますか？,0.525488290426366
洗剤の種類によって設定は変わりますか？,お急ぎコースはありますか？,0.5253452115413617
脱水時間の変更は可能ですか？,省エネモードはありますか？,0.5252023060646458
2度洗いは出来ますか？,洗濯ネットは必要ですか？,0.5250331580222048
洗濯をスタートする方法を教えて？,洗濯時間は何分ですか？,0.5249653889171794
洗濯だけする方法を教えて？,「排水できない」エラーが出ます,0.5246370347853244
2度洗いは出来ますか？,洗濯時間は何分ですか？,0.5244839543251663
スチーム機能の使い方を教えて？,「排水できない」エラーが出ます,0.5242192081541475
洗濯物が絡まります。どうしたらよいですか？,洗剤の種類によって設定は変わりますか？,0.5241962701631382
ナノイーXとは何ですか？,すすぎの設定を変更することは可能ですか？,0.52401181992473
ナノイーXとは何ですか？,運転終了時にアラームを鳴らさないようにできますか？,0.5237643878188113
ドアが開かないのですが,「水が出ない」エラーが出ます,0.5235309904834742
ナノイーXとは何ですか？,省エネモードはありますか？,0.5229484358085452
洗濯ネットは必要ですか？,最大容量は？,0.5227976196847689
「排水できない」エラーが出ます,予約機能の使い方をおしえて？,0.5225891997527549
「洗い」だけ行いたいのですが,本体がぐらつきます。どうしたら良いですか？,0.5225304610119614
一時停止中にドアは開きますか？,深夜に運転しても大丈夫？,0.5224446816157086
おすすめのコースを教えて？,最大容量は？,0.5224082520317495
コースが表示されないのですが,本体が熱くなります,0.5221929105707053
「洗い」だけ行いたいのですが,コースが表示されないのですが,0.5218303285824022
すすぎの設定を変更することは可能ですか？,最大容量は？,0.5217066408158277
「わが家流」設定とは何ですか？,水漏れしています。どうしたらよいですか？,0.5216534252674812
洗濯だけする方法を教えて？,省エネモードはありますか？,0.5216491232257376
ナノイーXとは何ですか？,ドアが完全に閉まりません,0.5214963274567658
外出先から洗濯を開始できますか？,ドアが完全に閉まりません,0.5211601874116574
スチーム機能の使い方を教えて？,洗濯の途中で一時停止できますか？,0.5209219087905139
チャイルドロックの設定をしたい,靴は洗えますか？,0.520239942625152
すすぎの設定を変更することは可能ですか？,「わが家流」設定とは何ですか？,0.5199735535171189
すすぎの設定を変更することは可能ですか？,洗濯ネットは必要ですか？,0.5196239394414701
「洗い」だけ行いたいのですが,おしゃれ着コースはありますか？,0.5195288090802105
省エネモードはありますか？,「水が出ない」エラーが出ます,0.5193882911251207
すすぎの設定を変更することは可能ですか？,深夜に運転しても大丈夫？,0.5193831052765281
チャイルドロックの設定をしたい,羽毛布団は洗えますか？,0.5193623201026158
洗濯をスタートする方法を教えて？,すすぎの設定を変更することは可能ですか？,0.5191468492852225
すすぎの設定を変更することは可能ですか？,水漏れしています。どうしたらよいですか？,0.5191450142369345
「排水できない」エラーが出ます,ドラムが動きません,0.5187192924294719
洗濯物が絡まります。どうしたらよいですか？,ドラムが動きません,0.5184948067539017
お急ぎコースはありますか？,最大容量は？,0.5180502784909351
乾燥だけで使用出来ますか？,洗濯の途中で一時停止できますか？,0.5174708111095601
洗濯だけする方法を教えて？,設定の初期化はできますか？,0.5171596429893743
手動で個別に設定する事は可能ですか？,ドアが開かないのですが,0.5171244083919841
おすすめのコースを教えて？,ジェット乾燥とは何ですか？,0.5167787138071198
チャイルドロックの設定をしたい,スチーム機能の使い方を教えて？,0.5167657757730076
おしゃれ着コースはありますか？,「水が出ない」エラーが出ます,0.5167429437867559
スチーム機能の使い方を教えて？,一時停止中にドアは開きますか？,0.5165999902752234
ナノイーXとは何ですか？,一時停止中にドアは開きますか？,0.5158723089659434
ふんわりキープとは何ですか？,ドアが完全に閉まりません,0.5153754849072495
ナノイーXとは何ですか？,ドラムが動きません,0.5147856027548008
運転終了時にアラームを鳴らさないようにできますか？,水漏れしています。どうしたらよいですか？,0.5145684618311714
脱水時間の変更は可能ですか？,お急ぎコースはありますか？,0.5144746891876847
洗濯ネットは必要ですか？,ドアが完全に閉まりません,0.5142781062083828
異音がします。どうしたらよいですか？,「わが家流」設定とは何ですか？,0.5141134959522626
洗濯をスタートする方法を教えて？,深夜に運転しても大丈夫？,0.5138901683411661
「洗い」だけ行いたいのですが,洗濯物に白い粉が残っています。　どうしたらよいですか？,0.5137678317957328
洗濯物に白い粉が残っています。　どうしたらよいですか？,お急ぎコースはありますか？,0.5137220127999893
手動で個別に設定する事は可能ですか？,おしゃれ着コースはありますか？,0.5134261117304494
チャイルドロックの設定をしたい,お急ぎコースはありますか？,0.5126644648522404
洗濯物が絡まります。どうしたらよいですか？,「水が出ない」エラーが出ます,0.5123864591263934
洗剤を手動で投入できますか？,洗濯物に白い粉が残っています。　どうしたらよいですか？,0.5116617001936506
洗剤を手動で投入できますか？,ドアが完全に閉まりません,0.5115857724099059
手動で個別に設定する事は可能ですか？,設定の初期化はできますか？,0.5113058296424061
異音がします。どうしたらよいですか？,お急ぎコースはありますか？,0.5110831233878993
一時停止中にドアは開きますか？,最大容量は？,0.5109104959239087
自動投入機能の使い方を教えて？,洗濯時間は何分ですか？,0.5107235694672417
洗剤を手動で投入できますか？,「排水できない」エラーが出ます,0.5107232183317455
脱水時間の変更は可能ですか？,最大容量は？,0.5104507854956919
ドラムが動きません,おすすめの洗剤・柔軟剤はありますか？,0.5101795476196747
脱水時間の変更は可能ですか？,毛布は洗えますか？,0.5100291598414606
ふんわりキープとは何ですか？,本体が熱くなります,0.5100160055776035
チャイルドロックの設定をしたい,自動投入機能の使い方を教えて？,0.5097397068787702
ドアが完全に閉まりません,設定の初期化はできますか？,0.509732806908551
毛布は洗えますか？,本体が熱くなります,0.5092921459778452
チャイルドロックの設定をしたい,ドアが完全に閉まりません,0.508747267544281
深夜に運転しても大丈夫？,おすすめの洗剤・柔軟剤はありますか？,0.5086945837504162
洗濯物が絡まります。どうしたらよいですか？,お急ぎコースはありますか？,0.5086793257567446
チャイルドロックの設定をしたい,最大容量は？,0.5086219421475459
「洗い」だけ行いたいのですが,外出先から洗濯を開始できますか？,0.5079418209241158
洗濯の途中で一時停止できますか？,本体がぐらつきます。どうしたら良いですか？,0.5078842233169899
2度洗いは出来ますか？,ドラムが動きません,0.5071159117861781
ジェット乾燥とは何ですか？,「洗い」だけ行いたいのですが,0.5068513443933806
おすすめのコースを教えて？,2度洗いは出来ますか？,0.5067538823471156
洗濯をスタートする方法を教えて？,おすすめの洗剤・柔軟剤はありますか？,0.5066457688277215
2度洗いは出来ますか？,おすすめの洗剤・柔軟剤はありますか？,0.5063691247223817
自動投入機能の使い方を教えて？,ドアが完全に閉まりません,0.5063616568253022
洗剤を手動で投入できますか？,深夜に運転しても大丈夫？,0.5063156343459929
2度洗いは出来ますか？,洗濯物に白い粉が残っています。　どうしたらよいですか？,0.5061044715554508
すすぎの設定を変更することは可能ですか？,ドラムが動きません,0.5060414869816763
洗濯ネットは必要ですか？,「排水できない」エラーが出ます,0.5054997152743579
おすすめのコースを教えて？,洗濯物が絡まります。どうしたらよいですか？,0.5053559394729925
洗濯の途中で一時停止できますか？,コースが表示されないのですが,0.5052191060452685
靴は洗えますか？,設定の初期化はできますか？,0.5051414360094375
ナノイーXとは何ですか？,「水が出ない」エラーが出ます,0.5050342833817879
2度洗いは出来ますか？,異音がします。どうしたらよいですか？,0.504594329049783
おすすめのコースを教えて？,ドアが開かないのですが,0.5045466043035767
一時停止中にドアは開きますか？,本体が熱くなります,0.5043971706347239
「わが家流」設定とは何ですか？,「水が出ない」エラーが出ます,0.5043004294644966
「洗い」だけ行いたいのですが,最大容量は？,0.5041059036035708
「洗い」だけ行いたいのですが,ドアが開かないのですが,0.5041047580453404
チャイルドロックの設定をしたい,本体がぐらつきます。どうしたら良いですか？,0.5038782249755671
運転終了時にアラームを鳴らさないようにできますか？,一時停止中にドアは開きますか？,0.5037056702627224
洗剤の種類によって設定は変わりますか？,本体が熱くなります,0.5036949898315839
洗濯をスタートする方法を教えて？,省エネモードはありますか？,0.5030876299406204
チャイルドロックの設定をしたい,「排水できない」エラーが出ます,0.5027816481749012
ドアが開かないのですが,洗濯の途中で一時停止できますか？,0.5021868389556807
脱水時間の変更は可能ですか？,コースが表示されないのですが,0.5019810050445688
自動投入機能の使い方を教えて？,おすすめの洗剤・柔軟剤はありますか？,0.5017540507182789
深夜に運転しても大丈夫？,洗濯物が絡まります。どうしたらよいですか？,0.5013661110665464
運転終了時にアラームを鳴らさないようにできますか？,洗濯物に白い粉が残っています。　どうしたらよいですか？,0.501178120680035
お急ぎコースはありますか？,ドアが完全に閉まりません,0.5006957148675001
「わが家流」設定とは何ですか？,洗剤の種類によって設定は変わりますか？,0.5006715117692605
深夜に運転しても大丈夫？,本体がぐらつきます。どうしたら良いですか？,0.5005813826425358
「洗い」だけ行いたいのですが,一時停止中にドアは開きますか？,0.5005343965219883
「わが家流」設定とは何ですか？,本体がぐらつきます。どうしたら良いですか？,0.5002973256279367
本体がぐらつきます。どうしたら良いですか？,本体が熱くなります,0.4999744873359473
スチーム機能の使い方を教えて？,本体がぐらつきます。どうしたら良いですか？,0.49962492013637216
深夜に運転しても大丈夫？,異音がします。どうしたらよいですか？,0.49941672433554396
脱水時間の変更は可能ですか？,運転終了時にアラームを鳴らさないようにできますか？,0.499071003597763
ふんわりキープとは何ですか？,洗濯物が絡まります。どうしたらよいですか？,0.49893207307392873
「わが家流」設定とは何ですか？,洗濯物に白い粉が残っています。　どうしたらよいですか？,0.4980830115536687
乾燥だけで使用出来ますか？,本体が熱くなります,0.4978339619285005
毛布は洗えますか？,省エネモードはありますか？,0.4977704082416047
「わが家流」設定とは何ですか？,予約機能の使い方をおしえて？,0.49738879114912293
毛布は洗えますか？,「水が出ない」エラーが出ます,0.4971696601131267
一時停止中にドアは開きますか？,洗濯時間は何分ですか？,0.4962394080951209
おすすめのコースを教えて？,外出先から洗濯を開始できますか？,0.4959488935492787
ドアが完全に閉まりません,「水が出ない」エラーが出ます,0.49530371161156883
運転終了時にアラームを鳴らさないようにできますか？,洗濯時間は何分ですか？,0.4951400742205534
水漏れしています。どうしたらよいですか？,本体が熱くなります,0.495119967363594
ナノイーXとは何ですか？,おすすめの洗剤・柔軟剤はありますか？,0.49505687549792854
洗剤を手動で投入できますか？,ドアが開かないのですが,0.4948096073070687
洗濯物に白い粉が残っています。　どうしたらよいですか？,本体が熱くなります,0.49478557997781725
外出先から洗濯を開始できますか？,洗濯物が絡まります。どうしたらよいですか？,0.49433237573456057
すすぎの設定を変更することは可能ですか？,本体がぐらつきます。どうしたら良いですか？,0.49427597812020896
自動投入機能の使い方を教えて？,洗濯物が絡まります。どうしたらよいですか？,0.49425049746066063
「わが家流」設定とは何ですか？,おすすめの洗剤・柔軟剤はありますか？,0.494226548209314
ジェット乾燥とは何ですか？,運転終了時にアラームを鳴らさないようにできますか？,0.4939250888937283
ドアが完全に閉まりません,本体がぐらつきます。どうしたら良いですか？,0.4938898210505072
2度洗いは出来ますか？,洗濯物が絡まります。どうしたらよいですか？,0.49366834410782945
すすぎの設定を変更することは可能ですか？,「排水できない」エラーが出ます,0.49272265097274837
洗濯時間は何分ですか？,設定の初期化はできますか？,0.4923969360096946
スチーム機能の使い方を教えて？,設定の初期化はできますか？,0.49209903196545607
2度洗いは出来ますか？,洗濯の途中で一時停止できますか？,0.4919753544496319
自動投入機能の使い方を教えて？,洗剤を手動で投入できますか？,0.4919669611157634
ナノイーXとは何ですか？,「わが家流」設定とは何ですか？,0.4917775073946823
洗濯をスタートする方法を教えて？,「水が出ない」エラーが出ます,0.49173783373533464
省エネモードはありますか？,水漏れしています。どうしたらよいですか？,0.49160033938972303
ジェット乾燥とは何ですか？,洗濯物が絡まります。どうしたらよいですか？,0.4914280196798694
ふんわりキープとは何ですか？,洗濯の途中で一時停止できますか？,0.49141118785940197
洗剤を手動で投入できますか？,スチーム機能の使い方を教えて？,0.4912971548753253
洗濯の途中で一時停止できますか？,「水が出ない」エラーが出ます,0.4910663805216139
深夜に運転しても大丈夫？,ドラムが動きません,0.4910066203573725
毛布は洗えますか？,水漏れしています。どうしたらよいですか？,0.49096529942733447
「水が出ない」エラーが出ます,洗濯時間は何分ですか？,0.4905987367310483
チャイルドロックの設定をしたい,洗濯ネットは必要ですか？,0.490307907257274
一時停止中にドアは開きますか？,お急ぎコースはありますか？,0.490103039599156
ジェット乾燥とは何ですか？,洗濯の途中で一時停止できますか？,0.48955304349709694
「洗い」だけ行いたいのですが,お急ぎコースはありますか？,0.48938777542168266
乾燥だけで使用出来ますか？,「わが家流」設定とは何ですか？,0.488675657576093
異音がします。どうしたらよいですか？,本体が熱くなります,0.488623822266506
手動で個別に設定する事は可能ですか？,スチーム機能の使い方を教えて？,0.48838628893634495
洗濯の途中で一時停止できますか？,靴は洗えますか？,0.4883693675825297
外出先から洗濯を開始できますか？,本体が熱くなります,0.4883419283607581
一時停止中にドアは開きますか？,おしゃれ着コースはありますか？,0.4874808368038723
洗濯物に白い粉が残っています。　どうしたらよいですか？,おすすめの洗剤・柔軟剤はありますか？,0.4872780781262195
2度洗いは出来ますか？,最大容量は？,0.4870607795327315
羽毛布団は洗えますか？,「わが家流」設定とは何ですか？,0.48684046389029617
おすすめのコースを教えて？,設定の初期化はできますか？,0.48664710132355626
洗濯をスタートする方法を教えて？,洗濯物に白い粉が残っています。　どうしたらよいですか？,0.4866329278532022
スチーム機能の使い方を教えて？,最大容量は？,0.48575605157978446
「洗い」だけ行いたいのですが,設定の初期化はできますか？,0.48541970303112214
ふんわりキープとは何ですか？,「洗い」だけ行いたいのですが,0.4853414886873962
毛布は洗えますか？,「わが家流」設定とは何ですか？,0.4850291704013797
洗濯ネットは必要ですか？,「水が出ない」エラーが出ます,0.48501333565799704
スチーム機能の使い方を教えて？,洗濯時間は何分ですか？,0.4844560961115255
チャイルドロックの設定をしたい,異音がします。どうしたらよいですか？,0.4833388892595072
洗濯をスタートする方法を教えて？,チャイルドロックの設定をしたい,0.48333627408809215
手動で個別に設定する事は可能ですか？,深夜に運転しても大丈夫？,0.4831579789560832
ナノイーXとは何ですか？,脱水時間の変更は可能ですか？,0.4829954738970406
手動で個別に設定する事は可能ですか？,省エネモードはありますか？,0.48297340679027123
「洗い」だけ行いたいのですが,深夜に運転しても大丈夫？,0.48295477251307756
一時停止中にドアは開きますか？,「わが家流」設定とは何ですか？,0.4827516402386827
ふんわりキープとは何ですか？,「水が出ない」エラーが出ます,0.48209447524786164
脱水時間の変更は可能ですか？,おすすめの洗剤・柔軟剤はありますか？,0.48200200510479657
運転終了時にアラームを鳴らさないようにできますか？,洗濯物が絡まります。どうしたらよいですか？,0.4820008585393277
ふんわりキープとは何ですか？,省エネモードはありますか？,0.48183652219215023
省エネモードはありますか？,コースが表示されないのですが,0.4813128014039557
自動投入機能の使い方を教えて？,運転終了時にアラームを鳴らさないようにできますか？,0.4810919201088018
洗濯をスタートする方法を教えて？,脱水時間の変更は可能ですか？,0.4809644365254654
運転終了時にアラームを鳴らさないようにできますか？,本体がぐらつきます。どうしたら良いですか？,0.480504499985155
チャイルドロックの設定をしたい,洗濯物に白い粉が残っています。　どうしたらよいですか？,0.48031329417824575
「洗い」だけ行いたいのですが,省エネモードはありますか？,0.48023836035230605
おしゃれ着コースはありますか？,「わが家流」設定とは何ですか？,0.4794460866447495
洗濯の途中で一時停止できますか？,洗濯物に白い粉が残っています。　どうしたらよいですか？,0.4793838026873583
脱水時間の変更は可能ですか？,ドラムが動きません,0.47932419302656604
洗剤の種類によって設定は変わりますか？,「水が出ない」エラーが出ます,0.4792759913732664
深夜に運転しても大丈夫？,「排水できない」エラーが出ます,0.47893818374951047
洗濯だけする方法を教えて？,「わが家流」設定とは何ですか？,0.47882471810151017
チャイルドロックの設定をしたい,一時停止中にドアは開きますか？,0.4788029157116568
洗濯をスタートする方法を教えて？,洗濯物が絡まります。どうしたらよいですか？,0.4787375288043655
おすすめのコースを教えて？,ドラムが動きません,0.47847812043073623
チャイルドロックの設定をしたい,水漏れしています。どうしたらよいですか？,0.4780698636062177
脱水時間の変更は可能ですか？,おしゃれ着コースはありますか？,0.4780055647960574
脱水時間の変更は可能ですか？,ドアが完全に閉まりません,0.4778315619861609
洗濯をスタートする方法を教えて？,手動で個別に設定する事は可能ですか？,0.4778239657772611
「排水できない」エラーが出ます,洗濯時間は何分ですか？,0.4777679468426327
スチーム機能の使い方を教えて？,「洗い」だけ行いたいのですが,0.4776869681490613
チャイルドロックの設定をしたい,省エネモードはありますか？,0.47752784278825466
すすぎの設定を変更することは可能ですか？,ドアが完全に閉まりません,0.47736859820069505
省エネモードはありますか？,本体がぐらつきます。どうしたら良いですか？,0.4773327450648825
洗濯をスタートする方法を教えて？,異音がします。どうしたらよいですか？,0.47724631997841377
洗濯をスタートする方法を教えて？,設定の初期化はできますか？,0.4772273370898844
ジェット乾燥とは何ですか？,「水が出ない」エラーが出ます,0.4767899716893148
羽毛布団は洗えますか？,設定の初期化はできますか？,0.4764319462440715
おすすめのコースを教えて？,チャイルドロックの設定をしたい,0.4763298417214163
脱水時間の変更は可能ですか？,洗濯ネットは必要ですか？,0.4759375047060246
一時停止中にドアは開きますか？,省エネモードはありますか？,0.47586634909367853
脱水時間の変更は可能ですか？,外出先から洗濯を開始できますか？,0.47584928462167836
手動で個別に設定する事は可能ですか？,ドアが完全に閉まりません,0.47542797412311744
洗剤を手動で投入できますか？,洗濯ネットは必要ですか？,0.474017100831498
「洗い」だけ行いたいのですが,運転終了時にアラームを鳴らさないようにできますか？,0.47391762474498256
洗剤を手動で投入できますか？,水漏れしています。どうしたらよいですか？,0.47364670105232687
洗濯ネットは必要ですか？,洗濯物が絡まります。どうしたらよいですか？,0.4736065028549217
運転終了時にアラームを鳴らさないようにできますか？,最大容量は？,0.47357634057120873
スチーム機能の使い方を教えて？,脱水時間の変更は可能ですか？,0.47259522114199626
「洗い」だけ行いたいのですが,洗濯時間は何分ですか？,0.47242677673343497
スチーム機能の使い方を教えて？,おすすめの洗剤・柔軟剤はありますか？,0.47239174089361335
省エネモードはありますか？,予約機能の使い方をおしえて？,0.47227798233929863
おすすめのコースを教えて？,洗剤を手動で投入できますか？,0.47221773192924377
「水が出ない」エラーが出ます,本体が熱くなります,0.4715525572195754
2度洗いは出来ますか？,ドアが完全に閉まりません,0.47102750676662963
2度洗いは出来ますか？,水漏れしています。どうしたらよいですか？,0.47089041480758986
水漏れしています。どうしたらよいですか？,設定の初期化はできますか？,0.4708791113850169
深夜に運転しても大丈夫？,洗濯時間は何分ですか？,0.47060757569888756
洗剤を手動で投入できますか？,最大容量は？,0.4705790528962311
運転終了時にアラームを鳴らさないようにできますか？,洗濯ネットは必要ですか？,0.4705101122150123
洗濯だけする方法を教えて？,「水が出ない」エラーが出ます,0.4699934350443664
洗濯をスタートする方法を教えて？,洗剤を手動で投入できますか？,0.46980096094900514
洗濯物が絡まります。どうしたらよいですか？,設定の初期化はできますか？,0.4695428181534541
洗濯だけする方法を教えて？,本体が熱くなります,0.46931898025213514
洗剤の種類によって設定は変わりますか？,「排水できない」エラーが出ます,0.4687799167282336
洗濯時間は何分ですか？,本体が熱くなります,0.4686834578018543
洗濯の途中で一時停止できますか？,洗濯物が絡まります。どうしたらよいですか？,0.468654373166815
本体がぐらつきます。どうしたら良いですか？,おすすめの洗剤・柔軟剤はありますか？,0.46835242893922274
おすすめのコースを教えて？,洗濯の途中で一時停止できますか？,0.46816142950859013
ナノイーXとは何ですか？,設定の初期化はできますか？,0.46755310857951426
洗剤を手動で投入できますか？,洗濯時間は何分ですか？,0.46739281294111934
洗濯の途中で一時停止できますか？,水漏れしています。どうしたらよいですか？,0.4673646308745563
洗剤を手動で投入できますか？,ジェット乾燥とは何ですか？,0.4671478455782545
チャイルドロックの設定をしたい,「水が出ない」エラーが出ます,0.46697749140192607
洗濯ネットは必要ですか？,設定の初期化はできますか？,0.4665983737223494
お急ぎコースはありますか？,「水が出ない」エラーが出ます,0.4662292628756102
スチーム機能の使い方を教えて？,洗濯物に白い粉が残っています。　どうしたらよいですか？,0.4662053593902483
2度洗いは出来ますか？,「わが家流」設定とは何ですか？,0.4661042536721455
省エネモードはありますか？,靴は洗えますか？,0.46601888680932363
洗濯物が絡まります。どうしたらよいですか？,「排水できない」エラーが出ます,0.4659502996852197
洗剤を手動で投入できますか？,本体がぐらつきます。どうしたら良いですか？,0.4658912568654856
手動で個別に設定する事は可能ですか？,ドラムが動きません,0.4657749420345399
手動で個別に設定する事は可能ですか？,洗濯ネットは必要ですか？,0.4650852962330862
「洗い」だけ行いたいのですが,洗濯ネットは必要ですか？,0.4647998213460426
洗濯だけする方法を教えて？,洗濯の途中で一時停止できますか？,0.46468900030562343
洗剤を手動で投入できますか？,「洗い」だけ行いたいのですが,0.46424180520755853
自動投入機能の使い方を教えて？,設定の初期化はできますか？,0.4629836702444699
2度洗いは出来ますか？,脱水時間の変更は可能ですか？,0.4622940821270062
「洗い」だけ行いたいのですが,水漏れしています。どうしたらよいですか？,0.4617998497643747
洗濯の途中で一時停止できますか？,深夜に運転しても大丈夫？,0.4617562058713417
お急ぎコースはありますか？,本体が熱くなります,0.4615131256688553
省エネモードはありますか？,異音がします。どうしたらよいですか？,0.4603236345576398
洗濯の途中で一時停止できますか？,洗剤の種類によって設定は変わりますか？,0.4602544424557792
自動投入機能の使い方を教えて？,「排水できない」エラーが出ます,0.4600363873948228
「洗い」だけ行いたいのですが,異音がします。どうしたらよいですか？,0.4594663050855335
ジェット乾燥とは何ですか？,省エネモードはありますか？,0.4594346051211199
おすすめのコースを教えて？,ドアが完全に閉まりません,0.4593742217862672
2度洗いは出来ますか？,本体が熱くなります,0.4588102253129021
おすすめのコースを教えて？,「わが家流」設定とは何ですか？,0.45849497634469644
洗濯の途中で一時停止できますか？,洗濯時間は何分ですか？,0.45838706509770194
手動で個別に設定する事は可能ですか？,洗濯の途中で一時停止できますか？,0.4574020851098175
洗濯の途中で一時停止できますか？,予約機能の使い方をおしえて？,0.4573847253873643
運転終了時にアラームを鳴らさないようにできますか？,省エネモードはありますか？,0.45676656942701044
洗剤を手動で投入できますか？,おすすめの洗剤・柔軟剤はありますか？,0.4566301169216199
チャイルドロックの設定をしたい,洗濯時間は何分ですか？,0.4557294818981203
スチーム機能の使い方を教えて？,異音がします。どうしたらよいですか？,0.4553879440019107
ナノイーXとは何ですか？,洗濯の途中で一時停止できますか？,0.4551053788929198
チャイルドロックの設定をしたい,脱水時間の変更は可能ですか？,0.4550219329253995
省エネモードはありますか？,おしゃれ着コースはありますか？,0.45444762571843783
手動で個別に設定する事は可能ですか？,本体が熱くなります,0.45426266485750144
運転終了時にアラームを鳴らさないようにできますか？,異音がします。どうしたらよいですか？,0.453806538047959
おすすめのコースを教えて？,深夜に運転しても大丈夫？,0.45290398954433464
洗剤を手動で投入できますか？,脱水時間の変更は可能ですか？,0.4528817893514717
洗濯をスタートする方法を教えて？,「洗い」だけ行いたいのですが,0.4526497386772388
最大容量は？,設定の初期化はできますか？,0.45226467162391043
外出先から洗濯を開始できますか？,省エネモードはありますか？,0.45095652497866257
脱水時間の変更は可能ですか？,洗濯物が絡まります。どうしたらよいですか？,0.45069151073798264
本体がぐらつきます。どうしたら良いですか？,設定の初期化はできますか？,0.4483991768069087
深夜に運転しても大丈夫？,水漏れしています。どうしたらよいですか？,0.44821910701248646
洗濯の途中で一時停止できますか？,おすすめの洗剤・柔軟剤はありますか？,0.44821427600524644
洗濯の途中で一時停止できますか？,異音がします。どうしたらよいですか？,0.4479938707326213
スチーム機能の使い方を教えて？,水漏れしています。どうしたらよいですか？,0.4478027341443921
「洗い」だけ行いたいのですが,「わが家流」設定とは何ですか？,0.44685160401870827
洗濯をスタートする方法を教えて？,「わが家流」設定とは何ですか？,0.44636858554547154
すすぎの設定を変更することは可能ですか？,洗濯の途中で一時停止できますか？,0.44588007521176753
最大容量は？,本体が熱くなります,0.44518727200391767
洗濯の途中で一時停止できますか？,毛布は洗えますか？,0.44486038957498725
「洗い」だけ行いたいのですが,「水が出ない」エラーが出ます,0.4429865735325431
洗濯ネットは必要ですか？,本体が熱くなります,0.44294920012344163
スチーム機能の使い方を教えて？,省エネモードはありますか？,0.4422867008574217
「水が出ない」エラーが出ます,予約機能の使い方をおしえて？,0.441499122060273
自動投入機能の使い方を教えて？,省エネモードはありますか？,0.4413883785916566
すすぎの設定を変更することは可能ですか？,本体が熱くなります,0.44134104761576
脱水時間の変更は可能ですか？,設定の初期化はできますか？,0.4409133726843425
「排水できない」エラーが出ます,おすすめの洗剤・柔軟剤はありますか？,0.43991304663002934
予約機能の使い方をおしえて？,本体が熱くなります,0.43913698715847865
「排水できない」エラーが出ます,設定の初期化はできますか？,0.43912414312686443
乾燥だけで使用出来ますか？,省エネモードはありますか？,0.4378682464033431
「排水できない」エラーが出ます,本体が熱くなります,0.43636077406896656
一時停止中にドアは開きますか？,設定の初期化はできますか？,0.43623196581804907
洗剤を手動で投入できますか？,異音がします。どうしたらよいですか？,0.4351487905811554
洗剤を手動で投入できますか？,洗濯物が絡まります。どうしたらよいですか？,0.43434204378963537
洗剤を手動で投入できますか？,一時停止中にドアは開きますか？,0.4335884686010719
手動で個別に設定する事は可能ですか？,洗濯物が絡まります。どうしたらよいですか？,0.433244259761114
スチーム機能の使い方を教えて？,「水が出ない」エラーが出ます,0.43277323933574485
洗濯をスタートする方法を教えて？,ドアが完全に閉まりません,0.43217635965756673
洗濯の途中で一時停止できますか？,ドアが完全に閉まりません,0.4321709892860959
設定の初期化はできますか？,本体が熱くなります,0.4305727665768829
深夜に運転しても大丈夫？,本体が熱くなります,0.4302962019182157
洗濯をスタートする方法を教えて？,最大容量は？,0.4302188011698201
「わが家流」設定とは何ですか？,洗濯時間は何分ですか？,0.42957747518490985
チャイルドロックの設定をしたい,洗濯物が絡まります。どうしたらよいですか？,0.4276337836595524
「洗い」だけ行いたいのですが,ドアが完全に閉まりません,0.42763008279377945
ナノイーXとは何ですか？,本体が熱くなります,0.4276030654531348
おすすめのコースを教えて？,洗濯ネットは必要ですか？,0.42711700686699827
洗剤を手動で投入できますか？,「わが家流」設定とは何ですか？,0.42685430250633005
脱水時間の変更は可能ですか？,洗濯の途中で一時停止できますか？,0.42613881460572767
「水が出ない」エラーが出ます,最大容量は？,0.4255928671435233
すすぎの設定を変更することは可能ですか？,「水が出ない」エラーが出ます,0.424572386492836
洗濯物に白い粉が残っています。　どうしたらよいですか？,設定の初期化はできますか？,0.4241193950917486
ドアが開かないのですが,省エネモードはありますか？,0.42384624065578413
「排水できない」エラーが出ます,最大容量は？,0.423566348264652
脱水時間の変更は可能ですか？,深夜に運転しても大丈夫？,0.423471192424235
洗濯の途中で一時停止できますか？,おしゃれ着コースはありますか？,0.42319619673603626
スチーム機能の使い方を教えて？,ドアが完全に閉まりません,0.4230670035514913
チャイルドロックの設定をしたい,「わが家流」設定とは何ですか？,0.42258422719896294
「洗い」だけ行いたいのですが,洗濯物が絡まります。どうしたらよいですか？,0.4224405615131557
2度洗いは出来ますか？,運転終了時にアラームを鳴らさないようにできますか？,0.42231358280381526
おすすめのコースを教えて？,本体が熱くなります,0.4221730664654694
省エネモードはありますか？,お急ぎコースはありますか？,0.4219961248502838
運転終了時にアラームを鳴らさないようにできますか？,本体が熱くなります,0.42141612034738013
自動投入機能の使い方を教えて？,「水が出ない」エラーが出ます,0.4188844432270455
省エネモードはありますか？,おすすめの洗剤・柔軟剤はありますか？,0.4165016900964377
省エネモードはありますか？,深夜に運転しても大丈夫？,0.41570963365752944
省エネモードはありますか？,ドラムが動きません,0.4149966120758657
2度洗いは出来ますか？,設定の初期化はできますか？,0.4147021181364298
「洗い」だけ行いたいのですが,ドラムが動きません,0.41391085343831596
2度洗いは出来ますか？,省エネモードはありますか？,0.41310402352592834
ふんわりキープとは何ですか？,「わが家流」設定とは何ですか？,0.4129044045827326
洗剤を手動で投入できますか？,省エネモードはありますか？,0.4128719247886307
洗濯ネットは必要ですか？,「わが家流」設定とは何ですか？,0.41255359653422763
省エネモードはありますか？,ドアが完全に閉まりません,0.4124318409452554
「洗い」だけ行いたいのですが,洗濯の途中で一時停止できますか？,0.41079697628627077
運転終了時にアラームを鳴らさないようにできますか？,「水が出ない」エラーが出ます,0.41042478680919325
運転終了時にアラームを鳴らさないようにできますか？,洗濯の途中で一時停止できますか？,0.410361647016617
洗剤を手動で投入できますか？,2度洗いは出来ますか？,0.41019253337748024
チャイルドロックの設定をしたい,本体が熱くなります,0.40975011890820706
すすぎの設定を変更することは可能ですか？,省エネモードはありますか？,0.4078030379715306
異音がします。どうしたらよいですか？,設定の初期化はできますか？,0.4070263275155561
「わが家流」設定とは何ですか？,コースが表示されないのですが,0.40479071163885094
自動投入機能の使い方を教えて？,本体が熱くなります,0.4039678517286778
省エネモードはありますか？,洗剤の種類によって設定は変わりますか？,0.4029475046028349
洗濯の途中で一時停止できますか？,洗濯ネットは必要ですか？,0.40108441790085453
自動投入機能の使い方を教えて？,「わが家流」設定とは何ですか？,0.4000761932494187
洗剤を手動で投入できますか？,洗濯の途中で一時停止できますか？,0.3999531429795833
スチーム機能の使い方を教えて？,洗濯物が絡まります。どうしたらよいですか？,0.399429380283138
省エネモードはありますか？,設定の初期化はできますか？,0.3993525407816842
「わが家流」設定とは何ですか？,設定の初期化はできますか？,0.3987700382352789
運転終了時にアラームを鳴らさないようにできますか？,「わが家流」設定とは何ですか？,0.3963663609759587
省エネモードはありますか？,洗濯時間は何分ですか？,0.3954991936962884
洗濯物が絡まります。どうしたらよいですか？,「わが家流」設定とは何ですか？,0.3935715863387985
自動投入機能の使い方を教えて？,洗濯の途中で一時停止できますか？,0.39315665783457726
深夜に運転しても大丈夫？,「水が出ない」エラーが出ます,0.39172205209311073
「水が出ない」エラーが出ます,おすすめの洗剤・柔軟剤はありますか？,0.3915315481166835
「わが家流」設定とは何ですか？,お急ぎコースはありますか？,0.3907269433113255
「わが家流」設定とは何ですか？,靴は洗えますか？,0.3891732096459249
スチーム機能の使い方を教えて？,本体が熱くなります,0.3868451248108067
洗濯ネットは必要ですか？,省エネモードはありますか？,0.38662261848304236
洗剤を手動で投入できますか？,本体が熱くなります,0.3863020971582905
ドアが開かないのですが,「わが家流」設定とは何ですか？,0.3861155088195216
洗濯の途中で一時停止できますか？,本体が熱くなります,0.38496245098663334
脱水時間の変更は可能ですか？,本体が熱くなります,0.3839276393533523
洗濯の途中で一時停止できますか？,設定の初期化はできますか？,0.3837415754877373
洗濯の途中で一時停止できますか？,省エネモードはありますか？,0.37849918526201476
洗濯の途中で一時停止できますか？,ドラムが動きません,0.37708689149568453
深夜に運転しても大丈夫？,「わが家流」設定とは何ですか？,0.37692211609551096
「わが家流」設定とは何ですか？,本体が熱くなります,0.3691731110951749
洗剤を手動で投入できますか？,「水が出ない」エラーが出ます,0.36851103648714567
省エネモードはありますか？,洗濯物が絡まります。どうしたらよいですか？,0.36617005425324833
洗濯をスタートする方法を教えて？,本体が熱くなります,0.36553611434422284
省エネモードはありますか？,最大容量は？,0.36389092218765934
「わが家流」設定とは何ですか？,最大容量は？,0.3604291813620857
チャイルドロックの設定をしたい,洗濯の途中で一時停止できますか？,0.3603596597755142
スチーム機能の使い方を教えて？,「わが家流」設定とは何ですか？,0.359909899373469
「わが家流」設定とは何ですか？,ドアが完全に閉まりません,0.3587008676507516
洗濯の途中で一時停止できますか？,最大容量は？,0.35573765540642854
洗濯の途中で一時停止できますか？,「わが家流」設定とは何ですか？,0.35050524448734066
省エネモードはありますか？,本体が熱くなります,0.3494922560018753
「水が出ない」エラーが出ます,設定の初期化はできますか？,0.34900331224498016
「わが家流」設定とは何ですか？,ドラムが動きません,0.328899344245539
「洗い」だけ行いたいのですが,本体が熱くなります,0.310884066904032
